<?xml version="1.0"?>
<doc>
    <assembly>
        <name>CommonTools.Data</name>
    </assembly>
    <members>
        <member name="T:CommonTools.Data.BinaryObjectType">
            <summary>
            可序列化的对象基本类型
            </summary>
        </member>
        <member name="T:CommonTools.Data.CustomBinaryReader">
            <summary>
            二进制数据读取
            </summary>
        </member>
        <member name="F:CommonTools.Data.CustomBinaryReader._reader">
            <summary>
            二进制数据读取器
            </summary>
        </member>
        <member name="F:CommonTools.Data.CustomBinaryReader._ms">
            <summary>
            内存数据流
            </summary>
        </member>
        <member name="M:CommonTools.Data.CustomBinaryReader.#ctor(System.Byte[])">
            <summary>
            构造函数(字节方式读取)
            </summary>
            <param name="bytes">待反序列化的字节数组</param>
        </member>
        <member name="M:CommonTools.Data.CustomBinaryReader.#ctor(System.IO.Stream)">
            <summary>
            构造函数(流方式读取)
            </summary>
            <param name="stream">待反序列化的数据流</param>
        </member>
        <member name="M:CommonTools.Data.CustomBinaryReader.#ctor(System.IO.BinaryReader)">
            <summary>
            构造函数(读取器方式读取)
            </summary>
            <param name="reader">二进制读取器</param>
        </member>
        <member name="M:CommonTools.Data.CustomBinaryReader.Dispose">
            <summary>
            重载Dispose
            </summary>
        </member>
        <member name="M:CommonTools.Data.CustomBinaryReader.SetBinaryReader(System.IO.BinaryReader)">
            <summary>
            设置二进制读取器
            </summary>
            <param name="reader"></param>
        </member>
        <member name="M:CommonTools.Data.CustomBinaryReader.Read">
            <summary>
            二制数据数据反序列化读取
            </summary>
            <returns></returns>
        </member>
        <member name="T:CommonTools.Data.CustomBinaryWriter">
            <summary>
            二进制写入
            </summary>
        </member>
        <member name="F:CommonTools.Data.CustomBinaryWriter._writer">
            <summary>
            二进制数据写入器
            </summary>
        </member>
        <member name="F:CommonTools.Data.CustomBinaryWriter._ms">
            <summary>
            内存数据流
            </summary>
        </member>
        <member name="M:CommonTools.Data.CustomBinaryWriter.#ctor">
            <summary>
            构造函数
            </summary>
        </member>
        <member name="M:CommonTools.Data.CustomBinaryWriter.Write(System.Object)">
            <summary>
            二制数据数据序列化写入
            </summary>
            <param name="value"></param>
        </member>
        <member name="M:CommonTools.Data.CustomBinaryWriter.ToBytes">
            <summary>
            读取序列化处理后的二进制数据
            </summary>
            <returns></returns>
        </member>
        <member name="M:CommonTools.Data.CustomBinaryWriter.Dispose">
            <summary>
            重载Dispose
            </summary>
        </member>
        <member name="T:CommonTools.Data.SerializeUtil">
            <summary>
            序列化处理类
            </summary>
        </member>
        <member name="M:CommonTools.Data.SerializeUtil.Read(System.IO.BinaryReader)">
            <summary>
            二进制数据反序列化读取
            </summary>
            <param name="reader">二进制读取器</param>
            <returns>反序列化对象</returns>
        </member>
        <member name="M:CommonTools.Data.SerializeUtil.Write(System.IO.BinaryWriter,System.Object)">
            <summary>
            二进制数据序列化生成
            </summary>
            <param name="writer">二进制生成器</param>
            <param name="value">待序列化对象</param>
        </member>
        <member name="M:CommonTools.Data.SerializeUtil.NewObject(System.String,System.String)">
            <summary>
            反射方式创建对象
            </summary>
            <param name="assemblyName">库名</param>
            <param name="typeName">对象名</param>
            <returns>对象</returns>
        </member>
        <member name="M:CommonTools.Data.SerializeUtil.BinarySerialize(System.Object)">
            <summary>
            可序列化对象二进制序列化处理
            </summary>
            <param name="obj">对象</param>
            <returns>二进制数组</returns>
        </member>
        <member name="M:CommonTools.Data.SerializeUtil.BinaryDeserialize(System.Byte[])">
            <summary>
            可序列化对象二进制反序列化处理
            </summary>
            <param name="bs">二进制数组</param>
            <returns>对象</returns>
        </member>
        <member name="T:CommonTools.Data.IBSerialize">
            <summary>
            对象的二进制序列化接口
            </summary>
        </member>
        <member name="M:CommonTools.Data.IBSerialize.BinarySerialize(System.IO.BinaryWriter)">
            <summary>
            二进制的序列化
            </summary>
            <param name="writer">二进制数据生成器</param>
        </member>
        <member name="M:CommonTools.Data.IBSerialize.BinaryDeserialize(System.IO.BinaryReader)">
            <summary>
            二进制的反序列化
            </summary>
            <param name="reader">二进制数据读取器</param>
        </member>
        <member name="T:CommonTools.Data.CustomXml">
            <summary>
            自定义XML类
            </summary>
        </member>
        <member name="F:CommonTools.Data.CustomXml._xmlDoc">
            <summary>
            XML文件对象
            </summary>
        </member>
        <member name="F:CommonTools.Data.CustomXml._xmlSettings">
            <summary>
            XML文件设置
            </summary>
        </member>
        <member name="F:CommonTools.Data.CustomXml._bIsOpen">
            <summary>
            XML文件打开状态
            true: 打开； false: 关闭；
            </summary>
        </member>
        <member name="F:CommonTools.Data.CustomXml._bModifyFlag">
            <summary>
            XML文件编辑状态
            true: 已编辑； false: 未编辑；
            </summary>
        </member>
        <member name="F:CommonTools.Data.CustomXml._sLastErrorMessage">
            <summary>
            最后一次出现的错误信息
            </summary>
        </member>
        <member name="F:CommonTools.Data.CustomXml._sFullPathFile">
            <summary>
            XML文件存储全路径
            </summary>
        </member>
        <member name="M:CommonTools.Data.CustomXml.#ctor">
            <summary>
            无参构造函数
            </summary>
        </member>
        <member name="M:CommonTools.Data.CustomXml.Create(System.String,System.Text.Encoding,System.Boolean)">
            <summary>
            创建XML文件
            </summary>
            <param name="sFullPathFile">全路径文件名</param>
            <param name="encode">编码方式</param>
            <param name="bRewriteExistFile">是否覆盖已存在文件 true--覆盖；false--不覆盖；</param>
            <returns>创建结果 true--成功；false--失败；</returns>
        </member>
        <member name="M:CommonTools.Data.CustomXml.Open(System.String)">
            <summary>
            打开XML文件
            </summary>
            <param name="sFullPathFile">全路径文件名</param>
            <returns>文件打开结果 ture--成功；false--失败；</returns>
        </member>
        <member name="M:CommonTools.Data.CustomXml.Open(System.String,CommonTools.Data.XmlCustomReadMode)">
            <summary>
            打开XML文件
            </summary>
            <param name="sFullPathFile">全路径文件名</param>
            <param name="mode">打开方式</param>
            <returns>文件打开结果 ture--成功；false--失败；</returns>
        </member>
        <member name="M:CommonTools.Data.CustomXml.Close">
            <summary>
            关闭XML文件
            </summary>
        </member>
        <member name="M:CommonTools.Data.CustomXml.Save">
            <summary>
            保存XML文件
            </summary>
            <returns></returns>
        </member>
        <member name="M:CommonTools.Data.CustomXml.Save(System.Text.Encoding)">
            <summary>
            保存XML文件
            </summary>
            <param name="encoding">编码方式</param>
            <returns></returns>
        </member>
        <member name="M:CommonTools.Data.CustomXml.GetRootNode(System.String)">
            <summary>
            获取指定名称的根节点
            </summary>
            <param name="sRootNode">根节点</param>
            <returns>根节点或为空值</returns>
        </member>
        <member name="M:CommonTools.Data.CustomXml.InsertRootNode(System.Xml.XmlNode,System.String,CommonTools.Data.XmlNodeInsertMode)">
            <summary>
            添加根结节
            </summary>
            <param name="nodeRoot">参考根节点</param>
            <param name="sNewRootNode">新根节点</param>
            <param name="mode">添加模式</param>
            <returns>节点</returns>
        </member>
        <member name="M:CommonTools.Data.CustomXml.InsertRootNode(System.String)">
            <summary>
            添加根结节
            </summary>
            <param name="sNewRootNode">新根节点</param>
            <returns>节点</returns>
        </member>
        <member name="M:CommonTools.Data.CustomXml.InsertSubNode(System.Xml.XmlNode,System.Xml.XmlNode,System.String,CommonTools.Data.XmlNodeInsertMode)">
            <summary>
            添加子节点
            </summary>
            <param name="parentNode">父节点</param>
            <param name="nodeItem">参考子节点</param>
            <param name="sNewNode">新增子节点</param>
            <param name="mode">添加模式</param>
            <returns>节点</returns>
        </member>
        <member name="M:CommonTools.Data.CustomXml.InsertSubNode(System.Xml.XmlNode,System.String)">
            <summary>
            添加子节点
            </summary>
            <param name="parentNode">父节点</param>
            <param name="sNewNode">新增子节点</param>
            <returns>节点</returns>
        </member>
        <member name="M:CommonTools.Data.CustomXml.RemoveAllNodes">
            <summary>
            移除所有节点
            注意，根节点也将被清除
            </summary>
        </member>
        <member name="M:CommonTools.Data.CustomXml.RemoveAllSubNodes(System.Xml.XmlNode)">
            <summary>
            移除所有子节点
            <param name="parentNode">父节点</param>
            </summary>
        </member>
        <member name="M:CommonTools.Data.CustomXml.InsertElement(System.Xml.XmlNode,System.Xml.XmlNode,System.String,System.String,CommonTools.Data.XmlNodeInsertMode)">
            <summary>
            添加元素节点
            </summary>
            <param name="parentNode">父节点</param>
            <param name="nodeItem">参考元素节点</param>
            <param name="sElement">元素节点名称</param>
            <param name="sContent">元素节点内容</param>
            <param name="mode">添加模式</param>
            <returns>节点</returns>
        </member>
        <member name="M:CommonTools.Data.CustomXml.InsertElement(System.Xml.XmlNode,System.String,System.String)">
            <summary>
            添加元素节点
            </summary>
            <param name="parentNode">父节点</param>
            <param name="sElement">元素节点名称</param>
            <param name="sContent">元素节点内容</param>
            <returns>节点</returns>
        </member>
        <member name="M:CommonTools.Data.CustomXml.SetAttribute(System.Xml.XmlNode,System.String,System.String)">
            <summary>
            设置节点属性
            </summary>
            <param name="nodeItem">参考元素节点</param>
            <param name="sAttributeName">属性名称</param>
            <param name="sAttributeValue">属性值</param>
        </member>
        <member name="M:CommonTools.Data.CustomXml.GetLastErrorMessage">
            <summary>
            读取最后一个错误信息内容
            </summary>
            <returns>错误信息内容</returns>
        </member>
        <member name="T:CommonTools.Data.XmlCustomReadMode">
            <summary>
            XML读取方式
            </summary>
        </member>
        <member name="F:CommonTools.Data.XmlCustomReadMode.Default">
            <summary>
            默认读取方式
            </summary>
        </member>
        <member name="F:CommonTools.Data.XmlCustomReadMode.FileStream">
            <summary>
            以流方式读取
            </summary>
        </member>
        <member name="F:CommonTools.Data.XmlCustomReadMode.TextReader">
            <summary>
            以文本方式读取
            </summary>
        </member>
        <member name="F:CommonTools.Data.XmlCustomReadMode.XmlReader">
            <summary>
            以XML方式读取
            </summary>
        </member>
        <member name="T:CommonTools.Data.XmlNodeInsertMode">
            <summary>
            XML节点插入方式
            </summary>
        </member>
        <member name="F:CommonTools.Data.XmlNodeInsertMode.Append">
            <summary>
            追加
            </summary>
        </member>
        <member name="F:CommonTools.Data.XmlNodeInsertMode.Before">
            <summary>
            在指定节点前添加
            </summary>
        </member>
        <member name="F:CommonTools.Data.XmlNodeInsertMode.After">
            <summary>
            在指定节点后添加
            </summary>
        </member>
    </members>
</doc>
