<?xml version="1.0"?>
<doc>
    <assembly>
        <name>CommonTools.DataBase</name>
    </assembly>
    <members>
        <member name="T:CommonTools.DataBase.DbfParser">
            <summary>
            DBF数据库操作类
            </summary>
        </member>
        <member name="M:CommonTools.DataBase.DbfParser.#ctor">
            <summary>
            构造函数(无参数)
            </summary>
        </member>
        <member name="M:CommonTools.DataBase.DbfParser.#ctor(System.String)">
            <summary>
            构造函数(仅有文件名称)
            </summary>
            <param name="fileName"></param>
        </member>
        <member name="M:CommonTools.DataBase.DbfParser.#ctor(System.String,System.String)">
            <summary>
            构造函数(文件名称和访问权限)
            </summary>
            <param name="fileName"></param>
            <param name="fileAccess"></param>
        </member>
        <member name="M:CommonTools.DataBase.DbfParser.GetFieldIntValue(System.Int32,System.String,System.Int32@)">
            <summary>
            获取字段整型值
            </summary>
            <param name="iRecIndex">记录序号</param>
            <param name="sFieldName">字段名</param>
            <param name="iFieldValue">返回整型字段值</param>
            <returns>true--读取成功；false--读取失败；</returns>
        </member>
        <member name="M:CommonTools.DataBase.DbfParser.GetFieldIntValue(System.Int32,System.UInt32,System.Int32@)">
            <summary>
            根据记录序号和字段序号读取整型字段值
            </summary>
            <param name="iRecIndex">记录序号</param>
            <param name="iFieldIndex">字段序号</param>
            <param name="iFieldValue">返回整型字段值</param>
            <returns>true--读取成功；false--读取失败；</returns>
        </member>
        <member name="M:CommonTools.DataBase.DbfParser.GetFieldStringValue(System.Int32,System.String,System.String@)">
            <summary>
            根据记录序号和字段名称读取字段字符串值
            </summary>
            <param name="iRecIndex">记录序号</param>
            <param name="sFieldName">字段名称</param>
            <param name="iFieldValue">返回字段字符串值</param>
            <returns>true--读取成功；false--读取失败；</returns>
        </member>
        <member name="M:CommonTools.DataBase.DbfParser.GetFieldStringValue(System.Int32,System.UInt32,System.String@)">
            <summary>
            根据记录序号和字段序号读取字段字符串值
            </summary>
            <param name="iRecIndex">记录序号</param>
            <param name="iFieldIndex">字段序号</param>
            <param name="iFieldValue">返回字段字符串值</param>
            <returns>true--读取成功；false--读取失败；</returns>
        </member>
        <member name="M:CommonTools.DataBase.DbfParser.GetCurrentRecordFieldStringValue(System.UInt32,System.String@)">
            <summary>
            根据字段序号读取当前前记录的字段字符串值
            </summary>
            <param name="iFieldIndex">字段序号</param>
            <param name="iFieldValue">返回字段字符串值</param>
            <returns>true--读取成功；false--读取失败；</returns>
        </member>
        <member name="M:CommonTools.DataBase.DbfParser.GetFieldFloatValue(System.Int32,System.String,System.Double@)">
            <summary>
            根据记录序号和字段名称读取字段浮点数值
            </summary>
            <param name="iRecIndex">记录序号</param>
            <param name="sFieldName">字段名称</param>
            <param name="iFieldValue">返回字段浮点数值</param>
            <returns>true--读取成功；false--读取失败；</returns>
        </member>
        <member name="M:CommonTools.DataBase.DbfParser.GetFieldFloatValue(System.Int32,System.UInt32,System.Double@)">
            <summary>
            根据记录序号和字段序号读取字段浮点值
            </summary>
            <param name="iRecIndex">记录序号</param>
            <param name="iFieldIndex">字段序号</param>
            <param name="iFieldValue">返回字段浮点数值</param>
            <returns>true--读取成功；false--读取失败；</returns>
        </member>
        <member name="M:CommonTools.DataBase.DbfParser.GetFieldDateTimeValue(System.Int32,System.String,System.DateTime@)">
            <summary>
            根据记录序号和字段名称读取字段日期时间值
            </summary>
            <param name="iRecIndex">记录序号</param>
            <param name="sFieldName">字段名称</param>
            <param name="iFieldValue">返回字段日期时间值</param>
            <returns>true--读取成功；false--读取失败；</returns>
        </member>
        <member name="M:CommonTools.DataBase.DbfParser.GetFieldDateTimeValue(System.Int32,System.UInt32,System.DateTime@)">
            <summary>
            根据记录序号和字段序号读取字段日期时间值
            </summary>
            <param name="iRecIndex">记录序号</param>
            <param name="iFieldIndex">字段序号</param>
            <param name="iFieldValue">返回字段日期时间值</param>
            <returns>true--读取成功；false--读取失败；</returns>
        </member>
        <member name="M:CommonTools.DataBase.DbfParser.GetFieldLogicalValue(System.Int32,System.String,System.Boolean@)">
            <summary>
            根据记录序号和字段名称读取字段逻辑值
            </summary>
            <param name="iRecIndex">记录序号</param>
            <param name="sFieldName">字段名称</param>
            <param name="iFieldValue">返回字段逻辑值</param>
            <returns>true--读取成功；false--读取失败；</returns>
        </member>
        <member name="M:CommonTools.DataBase.DbfParser.GetFieldLogicalValue(System.Int32,System.UInt32,System.Boolean@)">
            <summary>
            根据记录序号和字段序号读取字段逻辑值
            </summary>
            <param name="iRecIndex">记录序号</param>
            <param name="iFieldIndex">字段序号</param>
            <param name="iFieldValue">返回值段逻辑值</param>
            <returns>true--读取成功；false--读取失败；</returns>
        </member>
        <member name="M:CommonTools.DataBase.DbfParser.GetFieldBytes(System.Byte[],System.UInt32,System.Int64,System.Byte[]@)">
            <summary>
            获取当前记录字节数组的部分字节内容
            </summary>
            <param name="buf">字节数组</param>
            <param name="iOffset">偏移量</param>
            <param name="iLen">读取长度</param>
            <param name="bFieldBytes">返回读取的字节内容</param>
            <returns>true--读取成功；false--读取失败；</returns>
        </member>
        <member name="M:CommonTools.DataBase.DbfParser.GetFieldIndexByName(System.String)">
            <summary>
            根据字段名称获取字段存储序号
            </summary>
            <param name="sFieldName">字段名称</param>
            <returns>-1--读取失败；非负--字段存储序号</returns>
        </member>
        <member name="M:CommonTools.DataBase.DbfParser.GetFieldNameByIndex(System.UInt32,System.String@)">
            <summary>
            根据字段序号获取字段名称
            </summary>
            <param name="iFieldIndex">字段序号</param>
            <param name="sFieldName">返回的字段名称</param>
            <returns>true--查询成功；false--查询失败；</returns>
        </member>
        <member name="M:CommonTools.DataBase.DbfParser.SetFieldIntValue(System.Int32,System.String,System.Int32)">
            <summary>
            根据字段名称将整型数值写入数据库的相应记录
            </summary>
            <param name="iRecIndex">记录序号</param>
            <param name="sFieldName">字段名称</param>
            <param name="iValue">整型数值</param>
            <returns>true--写入成功；false--写入失败；</returns>
        </member>
        <member name="M:CommonTools.DataBase.DbfParser.SetFieldIntValue(System.Int32,System.UInt32,System.Int32)">
            <summary>
            根据字段序号将整型数值写入数据库的相应记录
            </summary>
            <param name="iRecIndex">记录序号</param>
            <param name="iFieldIndex">字段序号</param>
            <param name="iValue">整型数值</param>
            <returns>true--写入成功；false--写入失败；</returns>
        </member>
        <member name="M:CommonTools.DataBase.DbfParser.SetFieldStringValue(System.Int32,System.String,System.String)">
            <summary>
            根据字段名称将字符串数值写入数据库的相应记录
            </summary>
            <param name="iRecIndex">记录序号</param>
            <param name="sFieldName">字段名称</param>
            <param name="sValue">字符串数值</param>
            <returns>true--写入成功；false--写入失败；</returns>
        </member>
        <member name="M:CommonTools.DataBase.DbfParser.SetFieldStringValue(System.Int32,System.UInt32,System.String)">
            <summary>
            根据字段序号将字符串数值写入数据库的相应记录
            </summary>
            <param name="iRecIndex">记录序号</param>
            <param name="iFieldIndex">字段序号</param>
            <param name="sValue">字符串数值</param>
            <returns>true--写入成功；false--写入失败；</returns>
        </member>
        <member name="M:CommonTools.DataBase.DbfParser.SetFieldFloatValue(System.Int32,System.String,System.Double)">
            <summary>
            根据字段名称将浮点数数值写入数据库的相应记录
            </summary>
            <param name="iRecIndex">记录序号</param>
            <param name="sFieldName">字段名称</param>
            <param name="dValue">浮点数数值</param>
            <returns>true--写入成功；false--写入失败；</returns>
        </member>
        <member name="M:CommonTools.DataBase.DbfParser.SetFieldFloatValue(System.Int32,System.UInt32,System.Double)">
            <summary>
            根据字段序号将浮点数数值写入数据库的相应记录
            </summary>
            <param name="iRecIndex">记录序号</param>
            <param name="iFieldIndex">字段序号</param>
            <param name="dValue">浮点数数值</param>
            <returns>true--写入成功；false--写入失败；</returns>
        </member>
        <member name="M:CommonTools.DataBase.DbfParser.SetFieldDateTimeValue(System.Int32,System.String,System.DateTime)">
            <summary>
            根据字段名称将日期时间型数值写入数据库的相应记录
            </summary>
            <param name="iRecIndex">记录序号</param>
            <param name="sFieldName">字段名称</param>
            <param name="dtValue">日期型数值</param>
            <returns>true--写入成功；false--写入失败；</returns>
        </member>
        <member name="M:CommonTools.DataBase.DbfParser.SetFieldDateTimeValue(System.Int32,System.UInt32,System.DateTime)">
            <summary>
            根据字段序号将日期时间型数值写入数据库的相应记录
            </summary>
            <param name="iRecIndex">记录序号</param>
            <param name="iFieldIndex">字段序号</param>
            <param name="dtValue">日期时间型数值</param>
            <returns>true--写入成功；false--写入失败；</returns>
        </member>
        <member name="M:CommonTools.DataBase.DbfParser.SetFieldLogicalValue(System.Int32,System.String,System.Boolean)">
            <summary>
            根据字段名称将逻辑型数值写入数据库的相应记录
            </summary>
            <param name="iRecIndex">记录序号</param>
            <param name="sFieldName">字段名称</param>
            <param name="bValue">逻辑型数值</param>
            <returns>true--写入成功；false--写入失败；</returns>
        </member>
        <member name="M:CommonTools.DataBase.DbfParser.SetFieldLogicalValue(System.Int32,System.UInt32,System.Boolean)">
            <summary>
            根据字段序号将逻辑型数值写入数据库的相应记录
            </summary>
            <param name="iRecIndex">记录序号</param>
            <param name="iFieldIndex">字段序号</param>
            <param name="bValue">逻辑型数值</param>
            <returns>true--写入成功；false--写入失败；</returns>
        </member>
        <member name="M:CommonTools.DataBase.DbfParser.SetFieldBytes(System.Int32,System.UInt32,System.Byte[])">
            <summary>
            将字段内容的字节数组写入当前记录的数据库文件
            </summary>
            <param name="iOffset">字段偏移量</param>
            <param name="bFieldValue">字段内容字节数组</param>
            <param name="iRecIndex">记录序号</param>
            <returns>true--写入成功；false--写入失败；</returns>
        </member>
        <member name="M:CommonTools.DataBase.DbfParser.DbfOpen">
            <summary>
            打开dbf数据库(默认)
            </summary>
            <returns></returns>
        </member>
        <member name="M:CommonTools.DataBase.DbfParser.DbfOpen(System.String,System.String)">
            <summary>
            打开dbf数据库(指定dbf文件名称和访问权限)
            </summary>
            <param name="fileName">dbf文件名称</param>
            <param name="fileAccess">文件访问权限</param>
            <returns></returns>
        </member>
        <member name="M:CommonTools.DataBase.DbfParser.DbfClose">
            <summary>
            关闭dbf数据库
            </summary>
        </member>
        <member name="M:CommonTools.DataBase.DbfParser.Dispose(System.Boolean)">
            <summary>
            清理所有正在使用的资源
            </summary>
            <param name="disposing"></param>
        </member>
        <member name="M:CommonTools.DataBase.DbfParser.OpenFile">
            <summary>
            打开dbf文件
            </summary>
            <returns></returns>
        </member>
        <member name="M:CommonTools.DataBase.DbfParser.ReadFields">
            <summary>
            从dbf文件中读取所有字段信息集合
            </summary>
            <returns></returns>
        </member>
        <member name="M:CommonTools.DataBase.DbfParser.ReadFileHeader">
            <summary>
            从dbf文件中读取文件头信息
            </summary>
            <returns></returns>
        </member>
        <member name="M:CommonTools.DataBase.DbfParser.UpdateFileHeader">
            <summary>
            更新dbf文件头信息
            </summary>
            <returns></returns>
        </member>
        <member name="M:CommonTools.DataBase.DbfParser.GetDataSet">
            <summary>
            获取dbf表文件对应的DataSet
            </summary>
            <returns></returns>
        </member>
        <member name="M:CommonTools.DataBase.DbfParser.ReadCurrentRecord">
            <summary>
            读取当前记录信息
            </summary>
        </member>
        <member name="M:CommonTools.DataBase.DbfParser.InsertBlankRecord">
            <summary>
            插入空白记录信息
            </summary>
            <returns></returns>
        </member>
        <member name="M:CommonTools.DataBase.DbfParser.MoveFirst">
            <summary>
            将纪录指针移动到第一条记录
            </summary>
        </member>
        <member name="M:CommonTools.DataBase.DbfParser.MovePrevious">
            <summary>
            将记录指针前移一个记录
            </summary>
        </member>
        <member name="M:CommonTools.DataBase.DbfParser.MoveNext">
            <summary>
            将记录指针后移一个记录
            </summary>
        </member>
        <member name="M:CommonTools.DataBase.DbfParser.MoveLast">
            <summary>
            将记录指针移动到最后一条记录
            </summary>
        </member>
        <member name="P:CommonTools.DataBase.DbfParser.IsRecordDeleted">
            <summary>
            获取当前记录是否被删除
            </summary>
        </member>
        <member name="P:CommonTools.DataBase.DbfParser.RecordLength">
            <summary>
            获取记录长度
            </summary>
        </member>
        <member name="P:CommonTools.DataBase.DbfParser.CurrRecordIndex">
            <summary>
            当前记录序号
            </summary>
        </member>
        <member name="P:CommonTools.DataBase.DbfParser.FieldCount">
            <summary>
            获取字段数目
            </summary>
        </member>
        <member name="P:CommonTools.DataBase.DbfParser.RecordCount">
            <summary>
            获取记录数目
            </summary>
        </member>
        <member name="P:CommonTools.DataBase.DbfParser.IsBOF">
            <summary>
            获取是否记录指针已经移动到记录最前面
            </summary>
        </member>
        <member name="P:CommonTools.DataBase.DbfParser.IsEOF">
            <summary>
            获取是否记录指针已经移动到记录最后面
            </summary>
        </member>
        <member name="P:CommonTools.DataBase.DbfParser.IsFileOpened">
            <summary>
            获取dbf文件是否已经被打开
            </summary>
        </member>
        <member name="P:CommonTools.DataBase.DbfParser.IsHaveExtField">
            <summary>
            文件头中是否存在字段扩展说明
            </summary>
        </member>
        <member name="F:CommonTools.DataBase.DBFHeader.Version">
            版本标志
                               0x02    FoxBASE  
                               0x03    FoxBASE+/dBASE III PLUS，无备注  
                               0x30    Visual FoxPro  
                               0x43    dBASE IV SQL 表文件，无备注  
                               0x63    dBASE IV SQL 系统文件，无备注  
                               0x83    FoxBASE+/dBASE III PLUS，有备注  
                               0x8B    dBASE IV 有备注  
                               0xCB    dBASE IV SQL 表文件，有备注  
                               0xF5    FoxPro 2.x（或更早版本）有备注  
                               0xFB    FoxBASE  
                    *
        </member>
        <member name="F:CommonTools.DataBase.DBFHeader.TableFlag">
            表的标志
                               0x01 具有 .cdx 结构的文件
                               0x02 文件包含备注
                               0x04 文件是数据库（.dbc） 
                               标志可OR 
                    *
        </member>
        <member name="F:CommonTools.DataBase.DBFField.Type">
            字段类型
                               C - 字符型  
                               Y - 货币型  
                               N - 数值型  
                               F - 浮点型  
                               D - 日期型  
                               T - 日期时间型  
                               B - 双精度型  
                               I - 整型  
                               L - 逻辑型 
                               M - 备注型  
                               G - 通用型  
                               C - 字符型（二进制） 
                               M - 备注型（二进制） 
                               P - 图片型  
                    *
        </member>
        <member name="M:CommonTools.DataBase.DBFFunction.DbfBytesToInt(System.Byte[])">
            <summary>
            字节数组转换为整型数值(低字节优先)
            </summary>
            <param name="buff">字节数组</param>
            <returns>返回整型数值</returns>
        </member>
        <member name="M:CommonTools.DataBase.DBFFunction.BytesToIntWithHighToLow(System.Byte[])">
            <summary>
            字节数组转换为整型数值(高字节优先)
            </summary>
            <param name="buff">字节数组</param>
            <returns>返回整型数值</returns>
        </member>
        <member name="M:CommonTools.DataBase.DBFFunction.DbfBytesToDouble(System.Byte[])">
            <summary>
            字节数组转换为浮点型数值(高字节优先)
            </summary>
            <param name="buff">字节数组</param>
            <returns>返回浮点型数值</returns>
        </member>
        <member name="M:CommonTools.DataBase.DBFFunction.DbfBytesToDatetime(System.Byte[])">
            <summary>
            字节数组转换为日期时间型数值
            </summary>
            <param name="buff">字节数组</param>
            <returns>返回日期时间型数值</returns>
        </member>
        <member name="M:CommonTools.DataBase.DBFFunction.DbfBytesToDate(System.Byte[])">
            <summary>
            字节数组转换为日期型数据
            </summary>
            <param name="buff">字节数组</param>
            <returns>返回日期型数值</returns>
        </member>
        <member name="M:CommonTools.DataBase.DBFFunction.DbfBytesToCurrency(System.Byte[])">
            <summary>
            字节数组转换为货币型数值
            </summary>
            <param name="buff">字节数组</param>
            <returns>返回货币型数值</returns>
        </member>
        <member name="M:CommonTools.DataBase.DBFFunction.DbfBytesToFloat(System.Byte[])">
            <summary>
            字节数组转换为浮点型数值
            </summary>
            <param name="buff">字节数组</param>
            <returns>返回浮点型数值</returns>
        </member>
        <member name="M:CommonTools.DataBase.DBFFunction.DbfByteToBool(System.Byte)">
            <summary>
            字节数组转换为布尔型数值
            </summary>
            <param name="buff">字节数组</param>
            <returns>返回布尔型数值</returns>
        </member>
        <member name="M:CommonTools.DataBase.DBFFunction.DbfBytesToString(System.Byte[])">
            <summary>
            字节数组转换为字符串型数值
            </summary>
            <param name="buff">字节数组</param>
            <returns>返回字符串型数值</returns>
        </member>
        <member name="M:CommonTools.DataBase.DBFFunction.DbfChkTypeIsValid(System.Char)">
            <summary>
            检查类型字符是否为DBF类型列表成员
            </summary>
            <param name="ch">待检查类型字符</param>
            <returns>true--合法；false--非法；</returns>
        </member>
        <member name="M:CommonTools.DataBase.DBFFunction.DbfFieldNameLen(System.Byte[])">
            <summary>
            计算Dbf字段名称字节数组可见字符长度
            </summary>
            <param name="buffName">字段名称字节数组</param>
            <returns>字符名称字符长度</returns>
        </member>
        <member name="M:CommonTools.DataBase.DBFFunction.DbfIntToBytes(System.Int32)">
            <summary>
            整型数值转换为字节数组(低字节优先)
            </summary>
            <param name="iValue">整型数值</param>
            <returns>字节数组</returns>
        </member>
        <member name="M:CommonTools.DataBase.DBFFunction.DbfCurrencyToBytes(System.Decimal)">
            <summary>
            货币数值转换为字节数组(低字节优先)
            </summary>
            <param name="dValue">货币数值</param>
            <returns>字节数组</returns>
        </member>
        <member name="M:CommonTools.DataBase.DBFFunction.DbfFloatToBytes(System.Single,System.Int32)">
            <summary>
            浮点数值转换为字节数组
            </summary>
            <param name="fValue">浮点数数值</param>
            <param name="iDecLen">小数位数</param>
            <returns>字节数组</returns>
        </member>
        <member name="M:CommonTools.DataBase.DBFFunction.DbfStringToBytes(System.String)">
            <summary>
            字符串值转换为字节数组
            </summary>
            <param name="sValue">字符串数值</param>
            <returns>字节数组</returns>
        </member>
        <member name="M:CommonTools.DataBase.DBFFunction.DbfDoubleToBytes(System.Double)">
            <summary>
             双精度浮点数值转换为字节数组
            </summary>
            <param name="dValue">双精度浮点数数值</param>
            <returns>字节数组</returns>
        </member>
        <member name="M:CommonTools.DataBase.DBFFunction.DbfDateToBytes(System.DateTime)">
            <summary>
            日期型数值转换为字节数组
            </summary>
            <param name="dtValue">日期型数值</param>
            <returns>字节数组</returns>
        </member>
        <member name="M:CommonTools.DataBase.DBFFunction.DbfDateTimeToBytes(System.DateTime)">
            <summary>
            日期时间型数值转换为字节数组
            </summary>
            <param name="dtValue">日期时间型数值</param>
            <returns>字节数组</returns>
        </member>
        <member name="M:CommonTools.DataBase.DBFFunction.DbfBooltoBytes(System.Boolean)">
            <summary>
            布尔型数值转换为字节数组
            </summary>
            <param name="bValue">布尔型数值</param>
            <returns>字节数组</returns>
        </member>
        <member name="T:CommonTools.DataBase.DataBaseLayer">
            <summary>
            All rights reserved
            数据访问基础类
            用户可以修改满足自己项目的需要。
            </summary>
        </member>
        <member name="M:CommonTools.DataBase.DataBaseLayer.#ctor(System.String,CommonTools.DataBase.DataBaseType)">
            <summary>
            构造函数
            </summary>
            <param name="strConnect">数据库连接字符串</param>
            <param name="dbtDbType">数据库类型</param>
        </member>
        <member name="M:CommonTools.DataBase.DataBaseLayer.ExecuteSql(System.String)">
            <summary>
            执行SQL语句，返回影响的记录数
            </summary>
            <param name="sSqlString">SQL语句</param>
            <returns>影响的记录数</returns>
        </member>
        <member name="M:CommonTools.DataBase.DataBaseLayer.ExecuteSqlTran(System.Collections.ArrayList)">
            <summary>
            执行多条SQL语句，实现数据库事务。
            </summary>
            <param name="sSqlStringList">多条SQL语句</param>        
        </member>
        <member name="M:CommonTools.DataBase.DataBaseLayer.ExecuteSql(System.String,System.String)">
            <summary>
            执行带一个存储过程参数的的SQL语句。
            </summary>
            <param name="sSqlString">SQL语句</param>
            <param name="sContent">参数内容,比如一个字段是格式复杂的文章，有特殊符号，可以通过这个方式添加</param>
            <returns>影响的记录数</returns>
        </member>
        <member name="M:CommonTools.DataBase.DataBaseLayer.ExecuteSqlInsertImg(System.String,System.Byte[])">
            <summary>
            向数据库里插入图像格式的字段(和上面情况类似的另一种实例)
            </summary>
            <param name="sSqlString">SQL语句</param>
            <param name="fs">图像字节,数据库的字段类型为image的情况</param>
            <returns>影响的记录数</returns>
        </member>
        <member name="M:CommonTools.DataBase.DataBaseLayer.GetSingle(System.String)">
            <summary>
            执行一条计算查询结果语句，返回查询结果（object）。
            </summary>
            <param name="sSqlString">计算查询结果语句</param>
            <returns>查询结果（object）</returns>
        </member>
        <member name="M:CommonTools.DataBase.DataBaseLayer.ExecuteReader(System.String)">
            <summary>
            执行查询语句，返回IDataAdapter
            </summary>
            <param name="sSqlString">查询语句</param>
            <returns>IDataAdapter</returns>
        </member>
        <member name="M:CommonTools.DataBase.DataBaseLayer.Query(System.String)">
            <summary>
            执行查询语句，返回DataSet
            </summary>
            <param name="sSqlString">查询语句</param>
            <returns>DataSet</returns>
        </member>
        <member name="M:CommonTools.DataBase.DataBaseLayer.Query(System.String,System.Data.DataSet,System.String)">
            <summary>
            执行查询语句，返回DataSet
            </summary>
            <param name="sSqlString">查询语句</param>
            <param name="dataSet">要填充的DataSet</param>
            <param name="tableName">要填充的表名</param>
            <returns>DataSet</returns>
        </member>
        <member name="M:CommonTools.DataBase.DataBaseLayer.Query(System.String,System.Data.DataSet,System.Int32,System.Int32,System.String)">
            <summary>
            执行SQL语句 返回存储过程
            </summary>
            <param name="sSqlString">Sql语句</param>
            <param name="dataSet">要填充的DataSet</param>
            <param name="startIndex">开始记录</param>
            <param name="pageSize">页面记录大小</param>
            <param name="tableName">表名称</param>
            <returns>DataSet</returns>
        </member>
        <member name="M:CommonTools.DataBase.DataBaseLayer.WriteToXml(System.String,System.String)">
            <summary>
            执行查询语句，向XML文件写入数据
            </summary>
            <param name="sSqlString">查询语句</param>
            <param name="xmlPath">XML文件路径</param>
        </member>
        <member name="M:CommonTools.DataBase.DataBaseLayer.ExecuteQuery(System.String)">
            <summary>
            执行查询语句
            </summary>
            <param name="sSqlString">查询语句</param>
            <returns>DataTable </returns>
        </member>
        <member name="M:CommonTools.DataBase.DataBaseLayer.ExecuteQuery(System.String,System.String)">
            <summary>
            执行查询语句
            </summary>
            <param name="sSqlString">查询语句</param>
            <param name="sProc"></param>
            <returns>DataTable </returns>
        </member>
        <member name="M:CommonTools.DataBase.DataBaseLayer.ExeceuteDataView(System.String)">
            <summary>
            执行查询语句
            </summary>
            <param name="sSqlString">查询语句</param>
            <returns></returns>
        </member>
        <member name="M:CommonTools.DataBase.DataBaseLayer.ExecuteSql(System.String,System.Data.IDataParameter[])">
            <summary>
            执行SQL语句，返回影响的记录数
            </summary>
            <param name="sSqlString">SQL语句</param>
            <param name="iParms">参数列表</param>
            <returns>影响的记录数</returns>
        </member>
        <member name="M:CommonTools.DataBase.DataBaseLayer.ExecuteSqlTran(System.Collections.Hashtable)">
            <summary>
            执行多条SQL语句，实现数据库事务。
            </summary>
            <param name="hSqlStringList">SQL语句的哈希表（key为sql语句，value是该语句的SqlParameter[]）</param>
        </member>
        <member name="M:CommonTools.DataBase.DataBaseLayer.GetSingle(System.String,System.Data.IDataParameter[])">
            <summary>
            执行一条计算查询结果语句，返回查询结果（object）。
            </summary>
            <param name="sSqlString">计算查询结果语句</param>
            <param name="iParms">参数列表</param>
            <returns>查询结果（object）</returns>
        </member>
        <member name="M:CommonTools.DataBase.DataBaseLayer.ExecuteReader(System.String,System.Data.IDataParameter[])">
            <summary>
            执行查询语句，返回IDataReader
            </summary>
            <param name="sSqlString">查询语句</param>
            <param name="iParms">参数数组</param>
            <returns> IDataReader </returns>
        </member>
        <member name="M:CommonTools.DataBase.DataBaseLayer.Query(System.String,System.Data.IDataParameter[])">
            <summary>
            执行查询语句，返回DataSet
            </summary>
            <param name="sSqlString">查询语句</param>
            <param name="iParms">参数列表</param>
            <returns>DataSet</returns>
        </member>
        <member name="M:CommonTools.DataBase.DataBaseLayer.PrepareCommand(System.Data.IDbCommand@,System.Data.IDbConnection,System.Data.IDbTransaction,System.String,System.Data.IDataParameter[])">
            <summary>
            初始化Command
            </summary>
            <param name="iCmd"></param>
            <param name="iConn"></param>
            <param name="iTrans"></param>
            <param name="cmdText"></param>
            <param name="iParms"></param>
        </member>
        <member name="M:CommonTools.DataBase.DataBaseLayer.RunProcedure(System.String,System.Data.IDataParameter[])">
            <summary>
            执行存储过程
            </summary>
            <param name="storedProcName">存储过程名</param>
            <param name="parameters">存储过程参数</param>
            <returns>SqlDataReader</returns>
        </member>
        <member name="M:CommonTools.DataBase.DataBaseLayer.RunProcedure(System.String,System.Data.IDataParameter[],System.String)">
            <summary>
            执行存储过程
            </summary>
            <param name="storedProcName">存储过程名</param>
            <param name="parameters">存储过程参数</param>
            <param name="tableName">DataSet结果中的表名</param>
            <returns>DataSet</returns>
        </member>
        <member name="M:CommonTools.DataBase.DataBaseLayer.RunProcedure(System.String,System.Data.IDataParameter[],System.Int32,System.Int32,System.String)">
            <summary>
            执行存储过程
            </summary>
            <param name="storedProcName">存储过程名</param>
            <param name="parameters">存储过程参数</param>
            <param name="tableName">DataSet结果中的表名</param>
            <param name="startIndex">开始记录索引</param>
            <param name="pageSize">页面记录大小</param>
            <returns>DataSet</returns>
        </member>
        <member name="M:CommonTools.DataBase.DataBaseLayer.RunProcedure(System.String,System.Data.IDataParameter[],System.Data.DataSet,System.String)">
            <summary>
            执行存储过程 填充已经存在的DataSet数据集 
            </summary>
            <param name="storeProcName">存储过程名称</param>
            <param name="parameters">存储过程参数</param>
            <param name="dataSet">要填充的数据集</param>
            <param name="tableName">要填充的表名</param>
            <returns></returns>
        </member>
        <member name="M:CommonTools.DataBase.DataBaseLayer.RunProcedureNoQuery(System.String,System.Data.IDataParameter[])">
            <summary>
            执行存储过程并返回受影响的行数
            </summary>
            <param name="storedProcName"></param>
            <param name="parameters"></param>
            <returns></returns>
        </member>
        <member name="M:CommonTools.DataBase.DataBaseLayer.RunProcedureExecuteScalar(System.String,System.Data.IDataParameter[])">
            <summary>
            执行存储过程并返回首行首列
            </summary>
            <param name="storeProcName"></param>
            <param name="parameters"></param>
            <returns></returns>
        </member>
        <member name="M:CommonTools.DataBase.DataBaseLayer.BuildQueryCommand(System.Data.IDbConnection,System.String,System.Data.IDataParameter[])">
            <summary>
            构建 SqlCommand 对象(用来返回一个结果集，而不是一个整数值)
            </summary>
            <param name="iConn">数据库连接</param>
            <param name="storedProcName">存储过程名</param>
            <param name="parameters">存储过程参数</param>
            <returns>SqlCommand</returns>
        </member>
        <member name="M:CommonTools.DataBase.DataBaseLayer.RunProcedure(System.String,System.Data.IDataParameter[],System.Int32@)">
            <summary>
            执行存储过程，返回影响的行数        
            </summary>
            <param name="storedProcName">存储过程名</param>
            <param name="parameters">存储过程参数</param>
            <param name="rowsAffected">影响的行数</param>
            <returns></returns>
        </member>
        <member name="M:CommonTools.DataBase.DataBaseLayer.BuildIntCommand(System.Data.IDbConnection,System.String,System.Data.IDataParameter[])">
            <summary>
            创建 SqlCommand 对象实例(用来返回一个整数值)    
            </summary>
            <param name="iConn">数据库连接</param>
            <param name="storedProcName">存储过程名</param>
            <param name="parameters">存储过程参数</param>
            <returns>SqlCommand 对象实例</returns>
        </member>
        <member name="P:CommonTools.DataBase.DataBaseLayer.ConntionString">
            <summary>
            数据库连接字符串
            </summary>
        </member>
        <member name="P:CommonTools.DataBase.DataBaseLayer.DbType">
            <summary>
            数据库类型 (1--SqlServer,2--Oracle,3--Access)
            </summary>
        </member>
        <member name="T:CommonTools.DataBase.DataBaseType">
            <summary>
            数据库类型
            </summary>
        </member>
        <member name="F:CommonTools.DataBase.DataBaseType.SqlServer">
            <summary>
            SQL Server数据库
            </summary>
        </member>
        <member name="F:CommonTools.DataBase.DataBaseType.Oracle">
            <summary>
            Oracle数据库
            </summary>		
        </member>
        <member name="F:CommonTools.DataBase.DataBaseType.Access">
            <summary>
            Access数据库
            </summary>					
        </member>
    </members>
</doc>
