<?xml version="1.0"?>
<doc>
    <assembly>
        <name>CommonTools.Protocols</name>
    </assembly>
    <members>
        <member name="T:CommonTools.Protocols.Sr8009CProtocol">
            <summary>
            8009采集器通信协议类
            </summary>
        </member>
        <member name="T:CommonTools.Protocols.ProtocolBase">
            <summary>
            通信协议库
            </summary>
        </member>
        <member name="F:CommonTools.Protocols.ProtocolBase.MaxUnpackBufferLen">
            <summary>
            最大解包数据缓冲区
            </summary>
        </member>
        <member name="F:CommonTools.Protocols.ProtocolBase.MaxReceivePoolLen">
            <summary>
            最大接收数据缓冲池
            </summary>
        </member>
        <member name="F:CommonTools.Protocols.ProtocolBase.MaxUnpackDelay">
            <summary>
            最大解包超时时间(秒)
            </summary>
        </member>
        <member name="F:CommonTools.Protocols.ProtocolBase.UnpackBufferIndex">
            <summary>
            解包索引
            </summary>
        </member>
        <member name="F:CommonTools.Protocols.ProtocolBase.UnpackDataAreaLen">
            <summary>
            解包用户数据区长度
            </summary>
        </member>
        <member name="F:CommonTools.Protocols.ProtocolBase.ReceivePool">
            <summary>
            接收数据处理池
            </summary>
        </member>
        <member name="F:CommonTools.Protocols.ProtocolBase.ReceivePoolHeadCursor">
            <summary>
            接收数据处理池游标头
            </summary>
        </member>
        <member name="F:CommonTools.Protocols.ProtocolBase.ReceivePoolTailCursor">
            <summary>
            接收数据处理池游标尾
            </summary>
        </member>
        <member name="F:CommonTools.Protocols.ProtocolBase.ReceivePoolMoveCursor">
            <summary>
            读取处理池数据游标
            </summary>
        </member>
        <member name="F:CommonTools.Protocols.ProtocolBase.ReceivePoolIsEmpty">
            <summary>
            接收数据处理池是否空
            </summary>
        </member>
        <member name="F:CommonTools.Protocols.ProtocolBase.UnpackDataDelay">
            <summary>
            解包延迟时间
            </summary>
        </member>
        <member name="F:CommonTools.Protocols.ProtocolBase.UnpackDelayEnableFlag">
            <summary>
            解包超时功能使能标志
            </summary>
        </member>
        <member name="F:CommonTools.Protocols.ProtocolBase.UnpackDataBuffer">
            <summary>
            解包数据缓冲区
            </summary>
        </member>
        <member name="F:CommonTools.Protocols.ProtocolBase.UnpackDataLen">
            <summary>
            解包数据总长度
            </summary>
        </member>
        <member name="F:CommonTools.Protocols.ProtocolBase.SendDataBuffer">
            <summary>
            发送数据缓冲区
            </summary>
        </member>
        <member name="F:CommonTools.Protocols.ProtocolBase.SendDataLen">
            <summary>
            发送数据长度
            </summary>
        </member>
        <member name="M:CommonTools.Protocols.ProtocolBase.GetFromPool">
            <summary>
            从接收数据缓冲池中取单字节数据
            </summary>
            <returns></returns>
        </member>
        <member name="M:CommonTools.Protocols.ProtocolBase.ReadFromPool">
            <summary>
            从接收数据缓冲池中读单字节数据
            </summary>
            <returns></returns>
        </member>
        <member name="M:CommonTools.Protocols.ProtocolBase.ClearPoolData(System.Int32)">
            <summary>
            清除已经解包处理的缓冲池中数据
            </summary>
            <param name="iTail"></param>
        </member>
        <member name="M:CommonTools.Protocols.ProtocolBase.UnpackDelayCheck">
            <summary>
            解包超时检查处理
            </summary>
        </member>
        <member name="M:CommonTools.Protocols.ProtocolBase.AddDataToReceivePool(System.Byte[],System.Int32,System.Int32)">
            <summary>
            接收数据写入缓冲池
            </summary>
            <param name="bReceiveData">数据</param>
            <param name="iOffset">偏移量</param>
            <param name="iLen">长度</param>
        </member>
        <member name="M:CommonTools.Protocols.ProtocolBase.AddDataToReceivePool(System.Byte[])">
            <summary>
            接收数据写入缓冲池
            </summary>
            <param name="bReceiveData">数据</param>
        </member>
        <member name="M:CommonTools.Protocols.ProtocolBase.UnpackCustomData(System.Byte[],System.Int32,System.Int32@)">
            <summary>
            指定表端数据包协议格式验证
            </summary>
            <param name="tCustomData">待验证数据</param>
            <param name="iDataLen">待验证数据长度</param>
            <param name="iMoveCursor">待验证数据起始偏移量</param>
            <returns>验证结果：true--有符合协议数据帧；false--无符合协议数据帧；</returns>
        </member>
        <member name="M:CommonTools.Protocols.ProtocolBase.UnpackCustomData(System.Byte[],System.Int32@)">
            <summary>
            指定表端数据包协议格式验证
            </summary>
            <param name="tCustomData">待验证数据</param>
            <param name="iMoveCursor">待验证数据起始偏移量</param>
            <returns>验证结果：true--有符合协议数据帧；false--无符合协议数据帧；</returns>
        </member>
        <member name="M:CommonTools.Protocols.ProtocolBase.UnpackCustomData(System.Byte[])">
            <summary>
            指定表端数据包协议格式验证
            </summary>
            <param name="tCustomData">待验证数据</param>
            <returns>验证结果：true--有符合协议数据帧；false--无符合协议数据帧；</returns>
        </member>
        <member name="M:CommonTools.Protocols.ProtocolBase.ResetInternalUnpackMember">
            <summary>
            复位内部数据解包成员
            </summary>
        </member>
        <member name="M:CommonTools.Protocols.ProtocolBase.EnableUnpackDelay">
            <summary>
            使能解包超时检查功能
            </summary>
        </member>
        <member name="M:CommonTools.Protocols.ProtocolBase.DisableUnpackDelay">
            <summary>
            禁用解包超时检查功能
            </summary>
        </member>
        <member name="M:CommonTools.Protocols.ProtocolBase.UnpackReceivePoolData">
            <summary>
            数据包协议格式验证
            </summary>
            <returns></returns>
        </member>
        <member name="M:CommonTools.Protocols.ProtocolBase.PackageSendData">
            <summary>
            发送数据打包
            </summary>
            <returns></returns>
        </member>
        <member name="P:CommonTools.Protocols.ProtocolBase.ShowReceivePoolHeadCursor">
            <summary>
            显示接收数据处理池游标头
            </summary>
        </member>
        <member name="P:CommonTools.Protocols.ProtocolBase.ShowReceivePoolTailCursor">
            <summary>
            显示接收数据处理池游标尾
            </summary>
        </member>
        <member name="P:CommonTools.Protocols.ProtocolBase.ShowReceivePoolIsEmpty">
            <summary>
            显示接收数据处理池是否空
            </summary>
        </member>
        <member name="M:CommonTools.Protocols.Sr8009CProtocol.SetData(System.Byte[],System.Int32,System.Int32)">
            <summary>
            设置数据域数据
            <param name="tData">数据数组</param>
            <param name="iOffset">数组中数据的位置偏移量</param>
            <param name="iLen">数组中数据数量</param>
            </summary>
        </member>
        <member name="M:CommonTools.Protocols.Sr8009CProtocol.SetData(System.Byte[])">
            <summary>
            设置数据域数据
            <param name="tData">数据数组</param>
            </summary>
        </member>
        <member name="M:CommonTools.Protocols.Sr8009CProtocol.GetData(System.Byte[])">
            <summary>
            读取数据域数据
            <param name="tData">数据数组</param>
            <returns>数据长度</returns>
            </summary>
        </member>
        <member name="M:CommonTools.Protocols.Sr8009CProtocol.ResolveUnpackData">
            <summary>
            解包成功数据解析
            </summary>
        </member>
        <member name="M:CommonTools.Protocols.Sr8009CProtocol.UnpackReceivePoolData">
            <summary>
            采集器数据包协议格式验证
            </summary>
            <returns></returns>
        </member>
        <member name="M:CommonTools.Protocols.Sr8009CProtocol.PackageSendData">
            <summary>
            发送数据打包
            </summary>
            <returns>数据打包结果：true--打包完成；false--打包错误；</returns>
        </member>
        <member name="P:CommonTools.Protocols.Sr8009CProtocol.FM">
            <summary>
            引导符
            </summary>
        </member>
        <member name="P:CommonTools.Protocols.Sr8009CProtocol.LEN">
            <summary>
            数据域长度
            </summary>
        </member>
        <member name="P:CommonTools.Protocols.Sr8009CProtocol.SM">
            <summary>
            引导符
            </summary>
        </member>
        <member name="P:CommonTools.Protocols.Sr8009CProtocol.CMD">
            <summary>
            命令字
            </summary>
        </member>
        <member name="P:CommonTools.Protocols.Sr8009CProtocol.CollNo">
            <summary>
            采集器地址
            </summary>
        </member>
        <member name="P:CommonTools.Protocols.Sr8009CProtocol.FactoryId">
            <summary>
            厂商编号
            </summary>
        </member>
        <member name="P:CommonTools.Protocols.Sr8009CProtocol.MT">
            <summary>
            仪表类型
            </summary>
        </member>
        <member name="P:CommonTools.Protocols.Sr8009CProtocol.MS">
            <summary>
            仪表状态
            </summary>
        </member>
        <member name="P:CommonTools.Protocols.Sr8009CProtocol.DataAreaLen">
            <summary>
            数据域长度
            </summary>
        </member>
        <member name="P:CommonTools.Protocols.Sr8009CProtocol.CS">
            <summary>
            校验字
            </summary>
        </member>
        <member name="P:CommonTools.Protocols.Sr8009CProtocol.LM">
            <summary>
            结尾符
            </summary>
        </member>
        <member name="T:CommonTools.Protocols.Sr8009NetNewProtocol">
            <summary>
            8009多级路由新集中器通信协议类
            </summary>
        </member>
        <member name="M:CommonTools.Protocols.Sr8009NetNewProtocol.SetRoutePathLongAddress(System.String)">
            <summary>
            设置路由路径
            格式：RouteNo_1, RouteNo_2, ... , RouteNo_n
            注：报文标识的地址类型为长地址时有效
            </summary>
            <returns>true: 成功；false: 路径内容不合法；</returns>
        </member>
        <member name="M:CommonTools.Protocols.Sr8009NetNewProtocol.SetRoutePathLongAddress(System.String[])">
            <summary>
            设置路由路径
            注：报文标识的地址类型为长地址时有效
            </summary>
            <param name="sRoutePathList"></param>
            <returns>true: 成功；false: 路径内容不合法；</returns>
        </member>
        <member name="M:CommonTools.Protocols.Sr8009NetNewProtocol.GetRoutePathLongAddress">
            <summary>
            读取路由路径
            另：并生成源地址和目标地址
            </summary>
            <returns>路由路径字符串(格式：RouteNo_1, RouteNo_2, ... , RouteNo_n)</returns>
        </member>
        <member name="M:CommonTools.Protocols.Sr8009NetNewProtocol.GetRoutePathLongAddress(System.String[]@)">
            <summary>
            读取路由路径
            另：并生成源地址和目标地址
            </summary>
            <returns>路由路径数组</returns>
        </member>
        <member name="M:CommonTools.Protocols.Sr8009NetNewProtocol.SetData(System.Byte[])">
            <summary>
            设置数据域数据
            注：设置数据域数据之前，必须设置路由路径
            </summary>
            <param name="bData">待处理数据</param>
        </member>
        <member name="M:CommonTools.Protocols.Sr8009NetNewProtocol.SetData(System.Byte[],System.Int32,System.Int32)">
            <summary>
            设置数据域数据
            注：设置数据域数据之前，必须设置路由路径
            </summary>
            <param name="bData">待处理数据</param>
            <param name="iOffset">待处理数据的偏移量</param>
            <param name="iLen">待处理数据的长度</param>
        </member>
        <member name="M:CommonTools.Protocols.Sr8009NetNewProtocol.GetData(System.Byte[]@)">
            <summary>
            获取数据域数据
            </summary>
            <param name="bData">待写入数据的数组</param>
            <returns>写入数据数量</returns>
        </member>
        <member name="M:CommonTools.Protocols.Sr8009NetNewProtocol.GetData">
            <summary>
            获取数据域数据
            </summary>
            <returns>数据数组</returns>
        </member>
        <member name="M:CommonTools.Protocols.Sr8009NetNewProtocol.ResolveUnpackData">
            <summary>
            解包成功数据解析
            </summary>
            <returns>true: 解析成功；false: 解析失败；</returns>
        </member>
        <member name="M:CommonTools.Protocols.Sr8009NetNewProtocol.UnpackReceivePoolData">
            <summary>
            数据包协议格式验证
            </summary>
            <returns></returns>
        </member>
        <member name="M:CommonTools.Protocols.Sr8009NetNewProtocol.PackageSendData">
            <summary>
            发送数据打包
            </summary>
            <returns>数据打包结果：true--打包完成；false--打包错误；</returns>
        </member>
        <member name="P:CommonTools.Protocols.Sr8009NetNewProtocol.LEN">
            <summary>
            数据包长度
            </summary>
        </member>
        <member name="P:CommonTools.Protocols.Sr8009NetNewProtocol.FrameFlag">
            <summary>
            报文标识
            </summary>
        </member>
        <member name="P:CommonTools.Protocols.Sr8009NetNewProtocol.FrmEncrypt">
            <summary>
            报文加密
            true(0x00): 加密
            false(0x01): 不加密(默认)
            </summary>
        </member>
        <member name="P:CommonTools.Protocols.Sr8009NetNewProtocol.FrmCommPort">
            <summary>
            通信端口
            0(0x00): 无线(默认)
            1(0x02): UART0
            2(0x04): 串口1
            3(0x06): 串口2
            </summary>
        </member>
        <member name="P:CommonTools.Protocols.Sr8009NetNewProtocol.FrmLongAddress">
            <summary>
            地址类型
            true(0x00): 长地址(默认)
            false()0x08: 短地址
            </summary>
        </member>
        <member name="P:CommonTools.Protocols.Sr8009NetNewProtocol.FrmNeedResponse">
            <summary>
            命令回复
            true(0x10): 需要(默认)
            false(0x00): 不需要
            </summary>
        </member>
        <member name="P:CommonTools.Protocols.Sr8009NetNewProtocol.FrmDataEncrypt">
            <summary>
            数据域加密
            true(0x20): 加密
            false(0x00): 不加密(默认)
            </summary>
        </member>
        <member name="P:CommonTools.Protocols.Sr8009NetNewProtocol.FrmCommand">
            <summary>
            通信帧类型
            true(0x00): 命令帧
            false(0x40): 响应帧
            </summary>
        </member>
        <member name="P:CommonTools.Protocols.Sr8009NetNewProtocol.FrmDirection">
            <summary>
            通信帧方向
            true(0x80): 上行
            false(0x00): 下行(默认)
            </summary>
        </member>
        <member name="P:CommonTools.Protocols.Sr8009NetNewProtocol.UpTaskNo">
            <summary>
            上行任务号
            </summary>
        </member>
        <member name="P:CommonTools.Protocols.Sr8009NetNewProtocol.DownTaksNo">
            <summary>
            下行任务号
            </summary>
        </member>
        <member name="P:CommonTools.Protocols.Sr8009NetNewProtocol.CmdCode">
            <summary>
            命令字
            </summary>
        </member>
        <member name="P:CommonTools.Protocols.Sr8009NetNewProtocol.DeviceType">
            <summary>
            设备类型
            </summary>
        </member>
        <member name="P:CommonTools.Protocols.Sr8009NetNewProtocol.LifeCycle">
            <summary>
            生命周期
            </summary>
        </member>
        <member name="P:CommonTools.Protocols.Sr8009NetNewProtocol.ResponseChannel">
            <summary>
            通信响应信道
            </summary>
        </member>
        <member name="P:CommonTools.Protocols.Sr8009NetNewProtocol.RoutePosition">
            <summary>
            当前位置
            </summary>
        </member>
        <member name="P:CommonTools.Protocols.Sr8009NetNewProtocol.RouteLevel">
            <summary>
            路由级数(最小2级，即源和目标)
            </summary>
        </member>
        <member name="P:CommonTools.Protocols.Sr8009NetNewProtocol.SourceLongAddress">
            <summary>
            源长地址
            注：报文标识的地址类型为长地址时有效，且获取解包的地址时，需先执行GetRoutePathLongAddress函数
            </summary>
        </member>
        <member name="P:CommonTools.Protocols.Sr8009NetNewProtocol.TargetLongAddress">
            <summary>
            目标短地址
            注：报文标识的地址类型为长地址时有效，且获取解包的地址时，需先执行GetRoutePathLongAddress函数
            </summary>
        </member>
        <member name="P:CommonTools.Protocols.Sr8009NetNewProtocol.UserDataAreaLen">
            <summary>
            数据域数据长度
            注：获取解包的地址时，需先执行GetData函数
            </summary>
        </member>
        <member name="P:CommonTools.Protocols.Sr8009NetNewProtocol.DownRssi">
            <summary>
            下行信号强度
            </summary>
        </member>
        <member name="P:CommonTools.Protocols.Sr8009NetNewProtocol.UpRssi">
            <summary>
            上行信号强度
            </summary>
        </member>
        <member name="T:CommonTools.Protocols.Dl645M1997Protocol">
            <summary>
            电表645-1997通信规约
            </summary>
        </member>
        <member name="M:CommonTools.Protocols.Dl645M1997Protocol.SetData(System.Byte[],System.Byte,System.Int32)">
            <summary>
            9+m 设置数据域数据(m为数据域长度)
            <param name="tData">数据数组</param>
            <param name="iOffset">数组中数据的位置偏移量</param>
            <param name="iLen">数组中数据数量</param>
            </summary>
        </member>
        <member name="M:CommonTools.Protocols.Dl645M1997Protocol.SetData(System.Byte[])">
            <summary>
            9+m 设置数据域数据(m为数据域长度)
            <param name="tData">数据数组</param>
            </summary>
        </member>
        <member name="M:CommonTools.Protocols.Dl645M1997Protocol.GetData(System.Byte[])">
            <summary>
            读取数据域数据(未解码--已加0x33)
            <param name="tData">返回的数据数组</param>
            <returns>数据长度</returns>
            </summary>
        </member>
        <member name="M:CommonTools.Protocols.Dl645M1997Protocol.GetDecodingData(System.Byte[])">
            <summary>
            读取数据域数据(已解码--未加0x33)
            <param name="tData">返回的数据数组</param>
            <returns>数据长度</returns>
            </summary>
        </member>
        <member name="M:CommonTools.Protocols.Dl645M1997Protocol.ResolveUnpackData">
            <summary>
            解包成功数据解析
            </summary>
        </member>
        <member name="M:CommonTools.Protocols.Dl645M1997Protocol.UnpackReceivePoolData">
            <summary>
            电表数据包协议格式验证
            </summary>
            <returns></returns>
        </member>
        <member name="M:CommonTools.Protocols.Dl645M1997Protocol.PackageSendData">
            <summary>
            发送数据打包
            </summary>
            <returns>数据打包结果：true--打包完成；false--打包错误；</returns>
        </member>
        <member name="P:CommonTools.Protocols.Dl645M1997Protocol.FM">
            <summary>
            0 引导符
            </summary>
        </member>
        <member name="P:CommonTools.Protocols.Dl645M1997Protocol.MeterNo">
            <summary>
            1..6 电表通信地址
            </summary>
        </member>
        <member name="P:CommonTools.Protocols.Dl645M1997Protocol.SM">
            <summary>
            7 引导符
            </summary>
        </member>
        <member name="P:CommonTools.Protocols.Dl645M1997Protocol.CMD">
            <summary>
            8 命令字
            </summary>
        </member>
        <member name="P:CommonTools.Protocols.Dl645M1997Protocol.LEN">
            <summary>
            9 数据域长度
            </summary>
        </member>
        <member name="P:CommonTools.Protocols.Dl645M1997Protocol.CS">
            <summary>
            10+m 校验字(m为数据域长度)
            </summary>
        </member>
        <member name="P:CommonTools.Protocols.Dl645M1997Protocol.LM">
            <summary>
            11+m 结尾符(m为数据域长度)
            </summary>
        </member>
        <member name="T:CommonTools.Protocols.Dl645M2007Protocol">
            <summary>
            电表645-2007通信规约
            </summary>
        </member>
        <member name="M:CommonTools.Protocols.Dl645M2007Protocol.SetPlaintextData(System.Byte[],System.Byte,System.Int32)">
            <summary>
            9+m 设置数据域明码(未加0x33)数据(m为数据域长度)
            <param name="tData">数据数组</param>
            <param name="iOffset">数组中数据的位置偏移量</param>
            <param name="iLen">数组中数据数量</param>
            </summary>
        </member>
        <member name="M:CommonTools.Protocols.Dl645M2007Protocol.SetEncodingData(System.Byte[],System.Byte,System.Int32)">
            <summary>
            9+m 设置数据域编码(已加0x33)数据(m为数据域长度)
            <param name="tData">数据数组</param>
            <param name="iOffset">数组中数据的位置偏移量</param>
            <param name="iLen">数组中数据数量</param>
            </summary>
        </member>
        <member name="M:CommonTools.Protocols.Dl645M2007Protocol.SetPlaintextData(System.Byte[])">
            <summary>
            9+m 设置数据域明码(未加0x33)数据(m为数据域长度)
            <param name="tData">数据数组</param>
            </summary>
        </member>
        <member name="M:CommonTools.Protocols.Dl645M2007Protocol.SetEncodingData(System.Byte[])">
            <summary>
            9+m 设置数据域编码(已加0x33)数据(m为数据域长度)
            <param name="tData">数据数组</param>
            </summary>
        </member>
        <member name="M:CommonTools.Protocols.Dl645M2007Protocol.GetEncodingData(System.Byte[])">
            <summary>
            读取数据域数据(未解码--已加0x33)
            <param name="tData">返回的数据数组</param>
            <returns>数据长度</returns>
            </summary>
        </member>
        <member name="M:CommonTools.Protocols.Dl645M2007Protocol.GetPlaintextData(System.Byte[])">
            <summary>
            读取数据域数据(已解码--未加0x33)
            <param name="tData">返回的数据数组</param>
            <returns>数据长度</returns>
            </summary>
        </member>
        <member name="M:CommonTools.Protocols.Dl645M2007Protocol.ResolveUnpackData">
            <summary>
            解包成功数据解析
            </summary>
        </member>
        <member name="M:CommonTools.Protocols.Dl645M2007Protocol.UnpackReceivePoolData">
            <summary>
            电表数据包协议格式验证
            </summary>
            <returns></returns>
        </member>
        <member name="M:CommonTools.Protocols.Dl645M2007Protocol.PackageSendData">
            <summary>
            发送数据打包
            </summary>
            <returns>数据打包结果：true--打包完成；false--打包错误；</returns>
        </member>
        <member name="P:CommonTools.Protocols.Dl645M2007Protocol.FM">
            <summary>
            0 引导符
            </summary>
        </member>
        <member name="P:CommonTools.Protocols.Dl645M2007Protocol.MeterNo">
            <summary>
            1..6 电表通信地址
            </summary>
        </member>
        <member name="P:CommonTools.Protocols.Dl645M2007Protocol.SM">
            <summary>
            7 引导符
            </summary>
        </member>
        <member name="P:CommonTools.Protocols.Dl645M2007Protocol.CMD">
            <summary>
            8 命令字
            </summary>
        </member>
        <member name="P:CommonTools.Protocols.Dl645M2007Protocol.LEN">
            <summary>
            9 数据域长度
            </summary>
        </member>
        <member name="P:CommonTools.Protocols.Dl645M2007Protocol.CS">
            <summary>
            10+m 校验字(m为数据域长度)
            </summary>
        </member>
        <member name="P:CommonTools.Protocols.Dl645M2007Protocol.LM">
            <summary>
            11+m 结尾符(m为数据域长度)
            </summary>
        </member>
        <member name="T:CommonTools.Protocols.HdGprsProtocol">
            <summary>
            宏电DTU协议类
            </summary>
        </member>
        <member name="F:CommonTools.Protocols.HdGprsProtocol.CommDataLen">
            <summary>
            通信数据长度
            </summary>
        </member>
        <member name="M:CommonTools.Protocols.HdGprsProtocol.SetData(System.Byte[],System.Int32,System.Int32)">
            <summary>
            设置数据域数据
            </summary>
            <param name="tData">待处理数据</param>
            <param name="iOffset">偏移量</param>
            <param name="iLen">长度</param>
        </member>
        <member name="M:CommonTools.Protocols.HdGprsProtocol.SetData(System.Byte[])">
            <summary>
            设置数据域数据
            </summary>
            <param name="tData">待处理数据</param>
        </member>
        <member name="M:CommonTools.Protocols.HdGprsProtocol.GetData">
            <summary>
            获取数据域数据
            </summary>
            <returns>数据</returns>
        </member>
        <member name="M:CommonTools.Protocols.HdGprsProtocol.GetData(System.Byte[])">
            <summary>
            获取数据域数据
            </summary>
            <param name="tData">数据</param>
            <param name="iOffset">偏移量</param>
        </member>
        <member name="M:CommonTools.Protocols.HdGprsProtocol.ResolveUnpackData">
            <summary>
            解包成功数据解析
            </summary>
        </member>
        <member name="M:CommonTools.Protocols.HdGprsProtocol.UnpackReceivePoolData">
            <summary>
            表端数据包协议格式验证
            </summary>
            <returns></returns>
        </member>
        <member name="M:CommonTools.Protocols.HdGprsProtocol.PackageSendData">
            <summary>
            发送数据打包
            </summary>
            <returns>数据打包结果：true--打包完成；false--打包错误；</returns>
        </member>
        <member name="P:CommonTools.Protocols.HdGprsProtocol.SF">
            <summary>
            同步
            </summary>
        </member>
        <member name="P:CommonTools.Protocols.HdGprsProtocol.DT">
            <summary>
            数据类型
            </summary>
        </member>
        <member name="P:CommonTools.Protocols.HdGprsProtocol.LN">
            <summary>
            数据域长度
            </summary>
        </member>
        <member name="P:CommonTools.Protocols.HdGprsProtocol.GprsId">
            <summary>
            GPRS ID
            </summary>
        </member>
        <member name="P:CommonTools.Protocols.HdGprsProtocol.TF">
            <summary>
            结尾符
            </summary>
        </member>
        <member name="T:CommonTools.Protocols.Sr8009NetProtocol">
            <summary>
            新8009集中器通信协议类(多级路由组网)
            </summary>
        </member>
        <member name="M:CommonTools.Protocols.Sr8009NetProtocol.GetRoutersList">
            <summary>
            获取路由列表
            </summary>
            <returns></returns>
        </member>
        <member name="M:CommonTools.Protocols.Sr8009NetProtocol.SetData(System.Byte[],System.Byte,System.Int32)">
            <summary>
            设置数据域
            </summary>
            <param name="tData">数据数组</param>
            <param name="iOffset">数组中数据的位置偏移量</param>
            <param name="iLen">数组中数据数量</param>
        </member>
        <member name="M:CommonTools.Protocols.Sr8009NetProtocol.SetDataWithNoRoutePath(System.Byte[],System.Byte,System.Int32)">
            <summary>
            设置数据域数据
            <param name="tData">数据数组</param>
            <param name="iOffset">数组中数据的位置偏移量</param>
            <param name="iLen">数组中数据数量</param>
            </summary>
        </member>
        <member name="M:CommonTools.Protocols.Sr8009NetProtocol.SetDataNoRoutePath(System.Byte[])">
            <summary>
            设置数据域数据
            </summary>
            <param name="tData">数据数组</param>
        </member>
        <member name="M:CommonTools.Protocols.Sr8009NetProtocol.SetDataNoRoutePath(System.Byte[],System.Byte,System.Int32)">
            <summary>
            设置数据域数据
            </summary>
            <param name="tData">数据数组</param>
            <param name="iOffset">数组中数据的位置偏移量</param>
            <param name="iLen">数组中数据数量</param>
        </member>
        <member name="M:CommonTools.Protocols.Sr8009NetProtocol.SetDataWithRoutePath(System.String[],System.Byte[],System.Byte,System.Int32)">
            <summary>
            设置数据域数据
            <param name="lsRoutersList">路由列表</param>
            <param name="tData">数据数组</param>
            <param name="iOffset">数组中数据的位置偏移量</param>
            <param name="iLen">数组中数据数量</param>
            </summary>
        </member>
        <member name="M:CommonTools.Protocols.Sr8009NetProtocol.SetDataWithRoutePath(System.String[],System.Byte[])">
            <summary>
            设置数据域数据
            </summary>
            <param name="lsRoutersList">路由列表</param>
            <param name="tData">数据数组</param>
        </member>
        <member name="M:CommonTools.Protocols.Sr8009NetProtocol.GetData(System.Byte[])">
            <summary>
            读取数据域数据(包含路由路径)
            </summary>
            <param name="tData">返回的数组数组</param>
        </member>
        <member name="M:CommonTools.Protocols.Sr8009NetProtocol.GetDataWithNoRoutePath(System.Byte[])">
            <summary>
            读取数据域数据(不包含路由路径)
            </summary>
            <param name="tData">返回的数组数组</param>
        </member>
        <member name="M:CommonTools.Protocols.Sr8009NetProtocol.ResolveUnpackData">
            <summary>
            解包成功数据解析
            </summary>
        </member>
        <member name="M:CommonTools.Protocols.Sr8009NetProtocol.UnpackReceivePoolData">
            <summary>
            集中器数据包协议格式验证
            </summary>
            <returns></returns>
        </member>
        <member name="M:CommonTools.Protocols.Sr8009NetProtocol.PackageSendData">
            <summary>
            发送数据打包
            </summary>
            <returns>数据打包结果：true--打包完成；false--打包错误；</returns>
        </member>
        <member name="P:CommonTools.Protocols.Sr8009NetProtocol.SF">
            <summary>
            同步码
            </summary>
        </member>
        <member name="P:CommonTools.Protocols.Sr8009NetProtocol.FM">
            <summary>
            引导符
            </summary>
        </member>
        <member name="P:CommonTools.Protocols.Sr8009NetProtocol.MT">
            <summary>
            表具类型
            </summary>
        </member>
        <member name="P:CommonTools.Protocols.Sr8009NetProtocol.MeterNo">
            <summary>
            表具地址
            </summary>
        </member>
        <member name="P:CommonTools.Protocols.Sr8009NetProtocol.AMI">
            <summary>
            辅助命令标识
            </summary>
        </member>
        <member name="P:CommonTools.Protocols.Sr8009NetProtocol.AMI_Route_Level">
            <summary>
            辅助命令标识_路由级别
            </summary>
        </member>
        <member name="P:CommonTools.Protocols.Sr8009NetProtocol.AMI_Route_Position">
            <summary>
            辅助命令标识_路由位置
            </summary>
        </member>
        <member name="P:CommonTools.Protocols.Sr8009NetProtocol.CMD">
            <summary>
            命令字
            </summary>
        </member>
        <member name="P:CommonTools.Protocols.Sr8009NetProtocol.CMD_DIR_Upload">
            <summary>
            命令字_数据传输方向_上行
            bit7: 0--下行；bit7: 1--上行；
            </summary>
        </member>
        <member name="P:CommonTools.Protocols.Sr8009NetProtocol.CMD_Upload_Alarm">
            <summary>
            命令字_上行数据_上报数据(报警数据或定时定量数据)
            bit6: 0--响应数据；bit6: 1--主动上报数据；
            </summary>
        </member>
        <member name="P:CommonTools.Protocols.Sr8009NetProtocol.CMD_Battery_Lithium">
            <summary>
            命令字_供电类型_锂电池
            bit5: 0--干电池；bit5: 1--锂电池；
            </summary>
        </member>
        <member name="P:CommonTools.Protocols.Sr8009NetProtocol.CMD_Code">
            <summary>
            命令代码
            </summary>
        </member>
        <member name="P:CommonTools.Protocols.Sr8009NetProtocol.LEN">
            <summary>
            数据域长度
            </summary>
        </member>
        <member name="P:CommonTools.Protocols.Sr8009NetProtocol.UserDataAreaLen">
            <summary>
            用户数据区域长度(无路由路径信息)
            </summary>
        </member>
        <member name="P:CommonTools.Protocols.Sr8009NetProtocol.DOWNRSSI">
            <summary>
            下行信号强度
            </summary>
        </member>
        <member name="P:CommonTools.Protocols.Sr8009NetProtocol.UPRSSI">
            <summary>
            上行信号强度
            </summary>
        </member>
        <member name="P:CommonTools.Protocols.Sr8009NetProtocol.CS">
            <summary>
            校验字
            </summary>
        </member>
        <member name="P:CommonTools.Protocols.Sr8009NetProtocol.LM">
            <summary>
            结尾符
            </summary>
        </member>
        <member name="T:CommonTools.Protocols.Sr6009Protocol">
            <summary>
            6009通信协议类
            </summary>
        </member>
        <member name="M:CommonTools.Protocols.Sr6009Protocol.SetRoutePathLongAddress(System.String,System.Int32)">
            <summary>
            设置路由路径
            格式：RouteNo_1, RouteNo_2, ... , RouteNo_n
            注：报文标识的地址类型为长地址时有效
            </summary>
            <returns>true: 成功；false: 路径内容不合法；</returns>
        </member>
        <member name="M:CommonTools.Protocols.Sr6009Protocol.SetRoutePathLongAddress(System.String[],System.Int32)">
            <summary>
            设置路由路径
            注：报文标识的地址类型为长地址时有效
            </summary>
            <param name="sRoutePathList"></param>
            <returns>true: 成功；false: 路径内容不合法；</returns>
        </member>
        <member name="M:CommonTools.Protocols.Sr6009Protocol.GetRoutePathLongAddress">
            <summary>
            读取路由路径
            另：并生成源地址和目标地址
            </summary>
            <returns>路由路径字符串(格式：RouteNo_1, RouteNo_2, ... , RouteNo_n)</returns>
        </member>
        <member name="M:CommonTools.Protocols.Sr6009Protocol.GetRoutePathLongAddress(System.String[]@,System.Int32)">
            <summary>
            读取路由路径
            另：并生成源地址和目标地址
            </summary>
            <returns>路由路径数组</returns>
        </member>
        <member name="M:CommonTools.Protocols.Sr6009Protocol.SetData(System.Byte[],System.Int32)">
            <summary>
            设置数据域数据
            注：设置数据域数据之前，必须设置路由路径
            </summary>
            <param name="bData">待处理数据</param>
        </member>
        <member name="M:CommonTools.Protocols.Sr6009Protocol.SetData(System.Byte[],System.Int32,System.Int32,System.Int32)">
            <summary>
            设置数据域数据
            注：设置数据域数据之前，必须设置路由路径
            </summary>
            <param name="bData">待处理数据</param>
            <param name="iOffset">待处理数据的偏移量</param>
            <param name="iLen">待处理数据的长度</param>
        </member>
        <member name="M:CommonTools.Protocols.Sr6009Protocol.GetData(System.Byte[]@)">
            <summary>
            获取数据域数据
            </summary>
            <param name="bData">待写入数据的数组</param>
            <returns>写入数据数量</returns>
        </member>
        <member name="M:CommonTools.Protocols.Sr6009Protocol.GetData">
            <summary>
            获取数据域数据
            </summary>
            <returns>数据数组</returns>
        </member>
        <member name="M:CommonTools.Protocols.Sr6009Protocol.SetLeadinLen(System.Int32)">
            <summary>
            设置导言长度
            </summary>
        </member>
        <member name="M:CommonTools.Protocols.Sr6009Protocol.SetSendChannel(System.Int32)">
            <summary>
            设置通信发送信道
            </summary>
            <param name="iChannel">发送信道</param>
        </member>
        <member name="M:CommonTools.Protocols.Sr6009Protocol.SetReceiveChannel(System.Int32)">
            <summary>
            设置通信接收信道
            </summary>
            <param name="iChannel">接收信道</param>
        </member>
        <member name="M:CommonTools.Protocols.Sr6009Protocol.SetDevNoLength(System.Int32)">
            <summary>
            设置表号长度
            </summary>
        </member>
        <member name="M:CommonTools.Protocols.Sr6009Protocol.ResolveUnpackData">
            <summary>
            解包成功数据解析
            </summary>
            <returns>true: 解析成功；false: 解析失败；</returns>
        </member>
        <member name="M:CommonTools.Protocols.Sr6009Protocol.UnpackReceivePoolData">
            <summary>
            数据包协议格式验证
            </summary>
            <returns></returns>
        </member>
        <member name="M:CommonTools.Protocols.Sr6009Protocol.PackageSendData">
            <summary>
            发送数据打包
            </summary>
            <returns>数据打包结果：true--打包完成；false--打包错误；</returns>
        </member>
        <member name="P:CommonTools.Protocols.Sr6009Protocol.LEN">
            <summary>
            数据包长度
            </summary>
        </member>
        <member name="P:CommonTools.Protocols.Sr6009Protocol.FrameFlag">
            <summary>
            报文标识
            </summary>
        </member>
        <member name="P:CommonTools.Protocols.Sr6009Protocol.FrmEncrypt">
            <summary>
            报文加密
            true(0x00): 不加密(默认)
            false(0x01): 加密
            </summary>
        </member>
        <member name="P:CommonTools.Protocols.Sr6009Protocol.FrmNeedResponse">
            <summary>
            命令回复
            true(0x10): 需要(默认)
            false(0x00): 不需要
            </summary>
        </member>
        <member name="P:CommonTools.Protocols.Sr6009Protocol.FrmDataEncrypt">
            <summary>
            数据域加密
            true(0x20): 加密
            false(0x00): 不加密(默认)
            </summary>
        </member>
        <member name="P:CommonTools.Protocols.Sr6009Protocol.FrmCommand">
            <summary>
            通信帧类型
            true(0x00): 命令帧(默认)
            false(0x40): 响应帧
            </summary>
        </member>
        <member name="P:CommonTools.Protocols.Sr6009Protocol.FrmDirection">
            <summary>
            通信帧方向
            true(0x80): 上行
            false(0x00): 下行(默认)
            </summary>
        </member>
        <member name="P:CommonTools.Protocols.Sr6009Protocol.UpTaksNo">
            <summary>
            上行任务号
            </summary>
        </member>
        <member name="P:CommonTools.Protocols.Sr6009Protocol.DownTaksNo">
            <summary>
            下行任务号
            </summary>
        </member>
        <member name="P:CommonTools.Protocols.Sr6009Protocol.CmdCode">
            <summary>
            命令字
            </summary>
        </member>
        <member name="P:CommonTools.Protocols.Sr6009Protocol.DeviceType">
            <summary>
            设备类型
            </summary>
        </member>
        <member name="P:CommonTools.Protocols.Sr6009Protocol.ExtendFlag">
            <summary>
            扩展标识(原生命周期)
            </summary>
        </member>
        <member name="P:CommonTools.Protocols.Sr6009Protocol.ExtLifeCycle">
            <summary>
            生命周期
            </summary>
        </member>
        <member name="P:CommonTools.Protocols.Sr6009Protocol.ExtResponseChannel">
            <summary>
            通信响应信道
            </summary>
        </member>
        <member name="P:CommonTools.Protocols.Sr6009Protocol.RoutePosition">
            <summary>
            当前位置
            </summary>
        </member>
        <member name="P:CommonTools.Protocols.Sr6009Protocol.RouteLevel">
            <summary>
            路由级数(最小2级，即源和目标)
            </summary>
        </member>
        <member name="P:CommonTools.Protocols.Sr6009Protocol.SourceLongAddress">
            <summary>
            源长地址
            注：报文标识的地址类型为长地址时有效，且获取解包的地址时，需先执行GetRoutePathLongAddress函数
            </summary>
        </member>
        <member name="P:CommonTools.Protocols.Sr6009Protocol.TargetLongAddress">
            <summary>
            目标短地址
            注：报文标识的地址类型为长地址时有效，且获取解包的地址时，需先执行GetRoutePathLongAddress函数
            </summary>
        </member>
        <member name="P:CommonTools.Protocols.Sr6009Protocol.TargetAddressLength">
            <summary>
            目标地址长度
            </summary>
        </member>
        <member name="P:CommonTools.Protocols.Sr6009Protocol.UserDataAreaLen">
            <summary>
            数据域数据长度
            注：获取解包的地址时，需先执行GetData函数
            </summary>
        </member>
        <member name="P:CommonTools.Protocols.Sr6009Protocol.UserCSAreaLen">
            <summary>
            校验数据长度
            注：获取解包的地址时，需先执行GetData函数
            </summary>
        </member>
        <member name="P:CommonTools.Protocols.Sr6009Protocol.DownRssi">
            <summary>
            下行信号强度
            </summary>
        </member>
        <member name="P:CommonTools.Protocols.Sr6009Protocol.UpRssi">
            <summary>
            上行信号强度
            </summary>
        </member>
        <member name="T:CommonTools.Protocols.Dl3761C2009Protocol">
            <summary>
            国网电力376.1-2009《主站与采集终端通信协议》
            </summary>
        </member>
        <member name="F:CommonTools.Protocols.Dl3761C2009Protocol._aADDR">
            <summary>
            7..11 通信地址(由行政区号、终端编号、分组标志组成)
            <key name="AreaCode">行政区号</key>
            <key name="CollNo">终端编号</key>
            <key name="GroupFlag">分组标志</key>
            </summary>
        </member>
        <member name="M:CommonTools.Protocols.Dl3761C2009Protocol.SEQ_ConfirmWithNoTime">
            <summary>
            设置唯一帧，无需确认，无时间标签
            </summary>
        </member>
        <member name="M:CommonTools.Protocols.Dl3761C2009Protocol.SEQ_ConfirmWithTime">
            <summary>
            设置唯一帧，无需确认，有时间标签
            </summary>
        </member>
        <member name="M:CommonTools.Protocols.Dl3761C2009Protocol.SetData(System.Byte[],System.Int32,System.Int32)">
            <summary>
            n 设置数据域数据
            <param name="tData">数据数组</param>
            <param name="iOffset">数组中数据的位置偏移量</param>
            <param name="iLen">数组中数据数量</param>
            </summary>
        </member>
        <member name="M:CommonTools.Protocols.Dl3761C2009Protocol.SetData(System.Byte[])">
            <summary>
            设置数据域数据
            </summary>
            <param name="tData">数据数组</param>
        </member>
        <member name="M:CommonTools.Protocols.Dl3761C2009Protocol.SetData">
            <summary>
            设置数据域数据(无数据)
            </summary>
        </member>
        <member name="M:CommonTools.Protocols.Dl3761C2009Protocol.GetData(System.Byte[])">
            <summary>
            读取数据域数据
            </summary>
            <param name="tData">数据数组</param>
            <returns>数据长度</returns>
        </member>
        <member name="F:CommonTools.Protocols.Dl3761C2009Protocol._iEc">
            <summary>
            附加信息域--事件计数器EC(未解析)
            </summary>
        </member>
        <member name="M:CommonTools.Protocols.Dl3761C2009Protocol.ResolveUnpackData">
            <summary>
            解包成功数据解析
            </summary>
        </member>
        <member name="M:CommonTools.Protocols.Dl3761C2009Protocol.UnpackReceivePoolData">
            <summary>
            集中器数据包协议格式验证
            </summary>
            <returns></returns>
        </member>
        <member name="M:CommonTools.Protocols.Dl3761C2009Protocol.PackageSendData">
            <summary>
            发送数据打包
            </summary>
            <returns>数据打包结果：true--打包完成；false--打包错误；</returns>
        </member>
        <member name="P:CommonTools.Protocols.Dl3761C2009Protocol.FM">
            <summary>
            0 引导符
            </summary>
        </member>
        <member name="P:CommonTools.Protocols.Dl3761C2009Protocol.LEN">
            <summary>
            1..4 数据域长度
            </summary>
        </member>
        <member name="P:CommonTools.Protocols.Dl3761C2009Protocol.SM">
            <summary>
            5 引导符
            </summary>
        </member>
        <member name="P:CommonTools.Protocols.Dl3761C2009Protocol.CMD">
            <summary>
            6 命令字域
            </summary>
        </member>
        <member name="P:CommonTools.Protocols.Dl3761C2009Protocol.CMD_DIR">
            <summary>
            命令字域--传输方向位(DIR=0：主站,下行；	DIR=1：终端,上行)
            </summary>
        </member>
        <member name="P:CommonTools.Protocols.Dl3761C2009Protocol.CMD_PRM">
            <summary>
            命令字域--启动标志位(PRM =1：报文来自启动站；PRM =0：报文来自从动站)
            </summary>
        </member>
        <member name="P:CommonTools.Protocols.Dl3761C2009Protocol.CMD_ACD">
            <summary>
            命令字域--请求访问位(ACD位用于上行响应报文中，
            ACD=1 表示终端有重要事件等待访问；ACD=0表示终端无事件数据等待访问)
            </summary>
        </member>
        <member name="P:CommonTools.Protocols.Dl3761C2009Protocol.AreaCode">
            <summary>
            行政区号
            </summary>
        </member>
        <member name="P:CommonTools.Protocols.Dl3761C2009Protocol.CollNo">
            <summary>
            终端编号
            </summary>
        </member>
        <member name="P:CommonTools.Protocols.Dl3761C2009Protocol.GroupFlag">
            <summary>
            分组标志
            </summary>
        </member>
        <member name="P:CommonTools.Protocols.Dl3761C2009Protocol.AFN">
            <summary>
            12 应用层功能码
            </summary>
        </member>
        <member name="P:CommonTools.Protocols.Dl3761C2009Protocol.SEQ">
            <summary>
            13 帧序列域
            </summary>
        </member>
        <member name="P:CommonTools.Protocols.Dl3761C2009Protocol.SEQ_TpV">
            <summary>
            帧序列域--时间标签位(TpV=0：无时间标签；TpV=1：有时间标签)
            </summary>
        </member>
        <member name="P:CommonTools.Protocols.Dl3761C2009Protocol.SEQ_FIR">
            <summary>
            帧序列域--首帧标志位(FIR=0：非第一帧；FIR=1：是第一帧)
            </summary>
        </member>
        <member name="P:CommonTools.Protocols.Dl3761C2009Protocol.SEQ_FIN">
            <summary>
            帧序列域--末帧标志位(FIN=0：非最后一帧；FIN=1：是最后一帧)
            </summary>
        </member>
        <member name="P:CommonTools.Protocols.Dl3761C2009Protocol.SEQ_CON">
            <summary>
            帧序列域--请求确认标志位(CON=0：无需对报文确认；CON=1：需对报文确认)
            </summary>
        </member>
        <member name="P:CommonTools.Protocols.Dl3761C2009Protocol.SEQ_PSEQorRSEQ">
            <summary>
            帧序列域--帧序号(PSEQ启动帧序号；RSEQ响应帧序号)
            </summary>
        </member>
        <member name="P:CommonTools.Protocols.Dl3761C2009Protocol.SEQ_Index">
            <summary>
            帧序列域--帧序号
            </summary>
        </member>
        <member name="P:CommonTools.Protocols.Dl3761C2009Protocol.Pn">
            <summary>
            14..15 信息点
            </summary>
        </member>
        <member name="P:CommonTools.Protocols.Dl3761C2009Protocol.Pn_GroupIndex">
            <summary>
            信息点--信息点组号
            </summary>
        </member>
        <member name="P:CommonTools.Protocols.Dl3761C2009Protocol.Pn_GroupBit">
            <summary>
            信息点--信息点元
            </summary>
        </member>
        <member name="P:CommonTools.Protocols.Dl3761C2009Protocol.Fn">
            <summary>
            16..17 信息类
            </summary>
        </member>
        <member name="P:CommonTools.Protocols.Dl3761C2009Protocol.DataAreaLen">
            <summary>
            数据域数据长度
            </summary>
        </member>
        <member name="P:CommonTools.Protocols.Dl3761C2009Protocol.Tp_PFC">
            <summary>
            附加信息域--时间标签(帧序号计数器)
            </summary>
        </member>
        <member name="P:CommonTools.Protocols.Dl3761C2009Protocol.Tp_Day">
            <summary>
            附加信息域--时间标签(日)
            </summary>
        </member>
        <member name="P:CommonTools.Protocols.Dl3761C2009Protocol.Tp_Hour">
            <summary>
            附加信息域--时间标签(时)
            </summary>
        </member>
        <member name="P:CommonTools.Protocols.Dl3761C2009Protocol.Tp_Minute">
            <summary>
            附加信息域--时间标签(分)
            </summary>
        </member>
        <member name="P:CommonTools.Protocols.Dl3761C2009Protocol.Tp_Second">
            <summary>
            附加信息域--时间标签(秒)
            </summary>
        </member>
        <member name="P:CommonTools.Protocols.Dl3761C2009Protocol.Tp_DelayMinute">
            <summary>
            附加信息域--时间标签(传输延时时间)
            </summary>
        </member>
        <member name="P:CommonTools.Protocols.Dl3761C2009Protocol.Acd_EcImportant">
            <summary>
            附加信息域--重要事件计数器EC1
            </summary>
        </member>
        <member name="P:CommonTools.Protocols.Dl3761C2009Protocol.Acd_EcGeneral">
            <summary>
            附加信息域--一般事件计数器EC2
            </summary>
        </member>
        <member name="P:CommonTools.Protocols.Dl3761C2009Protocol.CS">
            <summary>
            18+n 校验字(n为数据单元长度)
            </summary>
        </member>
        <member name="P:CommonTools.Protocols.Dl3761C2009Protocol.LM">
            <summary>
            19+n 结尾符(n为数据单元长度)
            </summary>
        </member>
        <member name="T:CommonTools.Protocols.Sr7009Protocol">
            <summary>
             7009通信协议类
            </summary>
        </member>
        <member name="M:CommonTools.Protocols.Sr7009Protocol.SetRoutePathLongAddress(System.String)">
            <summary>
            设置路由路径
            格式：RouteNo_1, RouteNo_2, ... , RouteNo_n
            注：报文标识的地址类型为长地址时有效
            </summary>
            <returns>true: 成功；false: 路径内容不合法；</returns>
        </member>
        <member name="M:CommonTools.Protocols.Sr7009Protocol.SetRoutePathLongAddress(System.String[])">
            <summary>
            设置路由路径
            注：报文标识的地址类型为长地址时有效
            </summary>
            <param name="sRoutePathList"></param>
            <returns>true: 成功；false: 路径内容不合法；</returns>
        </member>
        <member name="M:CommonTools.Protocols.Sr7009Protocol.GetRoutePathLongAddress">
            <summary>
            读取路由路径
            另：并生成源地址和目标地址
            </summary>
            <returns>路由路径字符串(格式：RouteNo_1, RouteNo_2, ... , RouteNo_n)</returns>
        </member>
        <member name="M:CommonTools.Protocols.Sr7009Protocol.GetRoutePathLongAddress(System.String[]@)">
            <summary>
            读取路由路径
            另：并生成源地址和目标地址
            </summary>
            <returns>路由路径数组</returns>
        </member>
        <member name="M:CommonTools.Protocols.Sr7009Protocol.SetData(System.Byte[])">
            <summary>
            设置数据域数据
            注：设置数据域数据之前，必须设置路由路径
            </summary>
            <param name="bData">待处理数据</param>
        </member>
        <member name="M:CommonTools.Protocols.Sr7009Protocol.SetData(System.Byte[],System.Int32,System.Int32)">
            <summary>
            设置数据域数据
            注：设置数据域数据之前，必须设置路由路径
            </summary>
            <param name="bData">待处理数据</param>
            <param name="iOffset">待处理数据的偏移量</param>
            <param name="iLen">待处理数据的长度</param>
        </member>
        <member name="M:CommonTools.Protocols.Sr7009Protocol.GetData(System.Byte[]@)">
            <summary>
            获取数据域数据
            </summary>
            <param name="bData">待写入数据的数组</param>
        </member>
        <member name="M:CommonTools.Protocols.Sr7009Protocol.GetData">
            <summary>
            获取数据域数据
            </summary>
            <returns>数据数组</returns>
        </member>
        <member name="M:CommonTools.Protocols.Sr7009Protocol.ResolveUnpackData">
            <summary>
            解包成功数据解析
            </summary>
            <returns>true: 解析成功；false: 解析失败；</returns>
        </member>
        <member name="M:CommonTools.Protocols.Sr7009Protocol.UnpackReceivePoolData">
            <summary>
            数据包协议格式验证
            </summary>
            <returns></returns>
        </member>
        <member name="M:CommonTools.Protocols.Sr7009Protocol.PackageSendData">
            <summary>
            发送数据打包
            </summary>
            <returns>数据打包结果：true--打包完成；false--打包错误；</returns>
        </member>
        <member name="P:CommonTools.Protocols.Sr7009Protocol.LEN">
            <summary>
            数据包长度
            </summary>
        </member>
        <member name="P:CommonTools.Protocols.Sr7009Protocol.FrameFlag">
            <summary>
            报文标识
            </summary>
        </member>
        <member name="P:CommonTools.Protocols.Sr7009Protocol.FrmEncrypt">
            <summary>
            报文加密
            true(0x00): 加密
            false(0x01): 不加密(默认)
            </summary>
        </member>
        <member name="P:CommonTools.Protocols.Sr7009Protocol.FrmCommPort">
            <summary>
            通信端口
            0(0x00): 无线(默认)
            1(0x02): UART0
            2(0x04): 串口1
            3(0x06): 串口2
            </summary>
        </member>
        <member name="P:CommonTools.Protocols.Sr7009Protocol.FrmLongAddress">
            <summary>
            地址类型
            true(0x00): 长地址(默认)
            false()0x08: 短地址
            </summary>
        </member>
        <member name="P:CommonTools.Protocols.Sr7009Protocol.FrmNeedResponse">
            <summary>
            命令回复
            true(0x10): 需要(默认)
            false(0x00): 不需要
            </summary>
        </member>
        <member name="P:CommonTools.Protocols.Sr7009Protocol.FrmDataEncrypt">
            <summary>
            数据域加密
            true(0x20): 加密
            false(0x00): 不加密(默认)
            </summary>
        </member>
        <member name="P:CommonTools.Protocols.Sr7009Protocol.FrmCommand">
            <summary>
            通信帧类型
            true(0x00): 命令帧
            false(0x40): 响应帧
            </summary>
        </member>
        <member name="P:CommonTools.Protocols.Sr7009Protocol.FrmUpDirection">
            <summary>
            通信帧方向
            true(0x80): 上行
            false(0x00): 下行(默认)
            </summary>
        </member>
        <member name="P:CommonTools.Protocols.Sr7009Protocol.TaksNo">
            <summary>
            任务号
            </summary>
        </member>
        <member name="P:CommonTools.Protocols.Sr7009Protocol.CmdCode">
            <summary>
            命令字
            </summary>
        </member>
        <member name="P:CommonTools.Protocols.Sr7009Protocol.DeviceType">
            <summary>
            设备类型
            </summary>
        </member>
        <member name="P:CommonTools.Protocols.Sr7009Protocol.LifeCycle">
            <summary>
            生命周期
            </summary>
        </member>
        <member name="P:CommonTools.Protocols.Sr7009Protocol.ResponseChannel">
            <summary>
            通信响应信道
            </summary>
        </member>
        <member name="P:CommonTools.Protocols.Sr7009Protocol.RoutePosition">
            <summary>
            当前位置
            </summary>
        </member>
        <member name="P:CommonTools.Protocols.Sr7009Protocol.RouteLevel">
            <summary>
            路由级数(最小2级，即源和目标)
            </summary>
        </member>
        <member name="P:CommonTools.Protocols.Sr7009Protocol.SourceLongAddress">
            <summary>
            源长地址
            注：报文标识的地址类型为长地址时有效，且获取解包的地址时，需先执行GetRoutePathLongAddress函数
            </summary>
        </member>
        <member name="P:CommonTools.Protocols.Sr7009Protocol.TargetLongAddress">
            <summary>
            目标短地址
            注：报文标识的地址类型为长地址时有效，且获取解包的地址时，需先执行GetRoutePathLongAddress函数
            </summary>
        </member>
        <member name="P:CommonTools.Protocols.Sr7009Protocol.UserDataAreaLen">
            <summary>
            数据域数据长度
            注：获取解包的地址时，需先执行GetData函数
            </summary>
        </member>
        <member name="P:CommonTools.Protocols.Sr7009Protocol.DownRssi">
            <summary>
            下行信号强度
            </summary>
        </member>
        <member name="P:CommonTools.Protocols.Sr7009Protocol.UpRssi">
            <summary>
            上行信号强度
            </summary>
        </member>
        <member name="T:CommonTools.Protocols.Sr8009MProtocol">
            <summary>
            8009表端通信协议类
            </summary>
        </member>
        <member name="M:CommonTools.Protocols.Sr8009MProtocol.SetRouterList(System.String[])">
            <summary>
            设置路由路径
            </summary>
            <param name="arRouterNo">路由路径编号数组</param>
        </member>
        <member name="M:CommonTools.Protocols.Sr8009MProtocol.SetRouterList(System.String)">
            <summary>
            设置路由路径
            </summary>
            <param name="lsRouterNo">路由路径编号字符串(格式：路由器编号[,路由器编号[...]])</param>
        </member>
        <member name="M:CommonTools.Protocols.Sr8009MProtocol.SetRouterList(System.String,System.Char)">
            <summary>
            设置路由路径
            </summary>
            <param name="lsRouterNo">路由路径编号字符串(格式：路由器编号[,路由器编号[...]] ","为分隔符)</param>
            <param name="cChar">路由器编号分隔符</param>
        </member>
        <member name="M:CommonTools.Protocols.Sr8009MProtocol.GetRouterList">
            <summary>
            读取路由路径
            </summary>
            <returns>路由路径编号字符串(格式：路由器编号[,路由器编号[...]])</returns>
        </member>
        <member name="M:CommonTools.Protocols.Sr8009MProtocol.GetRouterList(System.Char)">
            <summary>
            读取路由路径
            </summary>
            <param name="cChar">路由器编号分隔符</param>
            <returns>路由路径编号字符串(格式：路由器编号[,路由器编号[...]]) ","为分隔符</returns>
        </member>
        <member name="F:CommonTools.Protocols.Sr8009MProtocol.UserDataLen">
            <summary>
            用户数据长度
            </summary>
        </member>
        <member name="M:CommonTools.Protocols.Sr8009MProtocol.SetData(System.Byte[],System.Byte,System.Int32)">
            <summary>
            数据域数据
            <param name="tData">数据数组</param>
            <param name="iOffset">数组中数据的位置偏移量</param>
            <param name="iLen">数组中数据数量</param>
            </summary>
        </member>
        <member name="M:CommonTools.Protocols.Sr8009MProtocol.SetData(System.Byte[])">
            <summary>
            设置数据域数据
            </summary>
            <param name="tData">数据数组</param>
        </member>
        <member name="M:CommonTools.Protocols.Sr8009MProtocol.GetData(System.Byte[])">
            <summary>
            读取数据域数据
            </summary>
            <param name="tData">返回的数组数组</param>
        </member>
        <member name="M:CommonTools.Protocols.Sr8009MProtocol.ResolveUnpackData">
            <summary>
            解包成功数据解析
            </summary>
        </member>
        <member name="M:CommonTools.Protocols.Sr8009MProtocol.ResolveData(System.Byte[],System.Byte,System.Int32)">
            <summary>
            解包数据写入数据域
            </summary>
            <param name="tData">解包数据</param>
            <param name="iOffset">偏移量</param>
            <param name="iLen">长度</param>
        </member>
        <member name="M:CommonTools.Protocols.Sr8009MProtocol.UnpackReceivePoolData">
            <summary>
            表端数据包协议格式验证
            </summary>
            <returns></returns>
        </member>
        <member name="M:CommonTools.Protocols.Sr8009MProtocol.PackageSendData">
            <summary>
            发送数据打包
            </summary>
            <returns>数据打包结果：true--打包完成；false--打包错误；</returns>
        </member>
        <member name="P:CommonTools.Protocols.Sr8009MProtocol.SF">
            <summary>
            同步码
            </summary>
        </member>
        <member name="P:CommonTools.Protocols.Sr8009MProtocol.FM">
            <summary>
            引导符
            </summary>
        </member>
        <member name="P:CommonTools.Protocols.Sr8009MProtocol.MT">
            <summary>
            表具类型
            </summary>
        </member>
        <member name="P:CommonTools.Protocols.Sr8009MProtocol.MeterNo">
            <summary>
            表具地址
            </summary>
        </member>
        <member name="P:CommonTools.Protocols.Sr8009MProtocol.RouteLevels">
            <summary>
            路由级数
            </summary>
        </member>
        <member name="P:CommonTools.Protocols.Sr8009MProtocol.RoutePosition">
            <summary>
            路由位置
            注意：设置路由位置之前，必须设置路由路径列表
            </summary>
        </member>
        <member name="P:CommonTools.Protocols.Sr8009MProtocol.CMD">
            <summary>
            命令字
            </summary>
        </member>
        <member name="P:CommonTools.Protocols.Sr8009MProtocol.CMD_Response">
            <summary>
            命令字--通信响应命令标志
            </summary>
        </member>
        <member name="P:CommonTools.Protocols.Sr8009MProtocol.CMD_AutoUpload">
            <summary>
            命令字--主动上传命令标志
            主动上传定时定量数据或主动上传报警数据
            </summary>
        </member>
        <member name="P:CommonTools.Protocols.Sr8009MProtocol.CMD_HighPowerSupply">
            <summary>
            命令字--供电方式命令标志
            true: 3.6V; false: 6.0V;
            </summary>
        </member>
        <member name="P:CommonTools.Protocols.Sr8009MProtocol.CMD_Code">
            <summary>
            命令字--命令代码
            </summary>
        </member>
        <member name="P:CommonTools.Protocols.Sr8009MProtocol.LEN">
            <summary>
            数据域长度
            </summary>
        </member>
        <member name="P:CommonTools.Protocols.Sr8009MProtocol.DOWNRSSI">
            <summary>
            下行信号强度
            </summary>
        </member>
        <member name="P:CommonTools.Protocols.Sr8009MProtocol.UPRSSI">
            <summary>
            上行信号强度
            </summary>
        </member>
        <member name="P:CommonTools.Protocols.Sr8009MProtocol.CS">
            <summary>
            校验字
            </summary>
        </member>
        <member name="P:CommonTools.Protocols.Sr8009MProtocol.LM">
            <summary>
            结尾符
            </summary>
        </member>
        <member name="T:CommonTools.Protocols.Sr8009CNewProtocol">
            <summary>
            新8009集中器通信协议类(透明组网)
            </summary>
        </member>
        <member name="F:CommonTools.Protocols.Sr8009CNewProtocol._aFL">
            <summary>
            导言--前导码
            </summary>
        </member>
        <member name="F:CommonTools.Protocols.Sr8009CNewProtocol._aSA">
            <summary>
            导言--短地址(地址码的CRC16)
            </summary>
        </member>
        <member name="F:CommonTools.Protocols.Sr8009CNewProtocol._aSL">
            <summary>
            导言--后导码
            </summary>
        </member>
        <member name="F:CommonTools.Protocols.Sr8009CNewProtocol._aSyn">
            <summary>
            同步字
            </summary>
        </member>
        <member name="F:CommonTools.Protocols.Sr8009CNewProtocol._iRPL">
            <summary>
            路由信息
            </summary>
        </member>
        <member name="M:CommonTools.Protocols.Sr8009CNewProtocol.SetRoutePath(System.String,System.String)">
            <summary>
            设置路由路径信息
            <param name="sSrcAddr">源地址</param>
            <param name="sDesAddr">目标地址</param>
            </summary>
        </member>
        <member name="M:CommonTools.Protocols.Sr8009CNewProtocol.SetRoutePath(System.String,System.Collections.Generic.List{System.String},System.String)">
            <summary>
            设置路由路径信息
            </summary>
            <param name="sSrcAddr">源地址</param>
            <param name="lsRoutePathList">路由列表</param>
            <param name="sDesAddr">目标地址</param>
        </member>
        <member name="M:CommonTools.Protocols.Sr8009CNewProtocol.GetRoutePath">
            <summary>
            读取路由路径
            </summary>
            <returns>路由路径列表</returns>
        </member>
        <member name="M:CommonTools.Protocols.Sr8009CNewProtocol.GetSrcAddr">
            <summary>
            读取路由路径源地址
            </summary>
            <returns>源地址</returns>
        </member>
        <member name="M:CommonTools.Protocols.Sr8009CNewProtocol.GetDesAddr">
            <summary>
            读取路由路径目标地址
            </summary>
            <returns>目标地址</returns>
        </member>
        <member name="M:CommonTools.Protocols.Sr8009CNewProtocol.SetData(System.Byte[],System.Int32,System.Int32)">
            <summary>
            设置数据域数据
            <param name="tData">数据数组</param>
            <param name="iOffset">数组中数据的位置偏移量</param>
            <param name="iLen">数组中数据数量</param>
            </summary>
        </member>
        <member name="M:CommonTools.Protocols.Sr8009CNewProtocol.SetData(System.Byte[])">
            <summary>
            设置数据域数据
            </summary>
            <param name="tData">数据数组</param>
        </member>
        <member name="M:CommonTools.Protocols.Sr8009CNewProtocol.GetData(System.Byte[])">
            <summary>
            读取数据域数据
            </summary>
            <param name="tData">数据数组</param>
            <returns>数据长度</returns>
        </member>
        <member name="M:CommonTools.Protocols.Sr8009CNewProtocol.ResolveUnpackData">
            <summary>
            解包成功数据解析
            </summary>
        </member>
        <member name="M:CommonTools.Protocols.Sr8009CNewProtocol.UnpackReceivePoolData">
            <summary>
            集中器数据包协议格式验证
            </summary>
            <returns></returns>
        </member>
        <member name="M:CommonTools.Protocols.Sr8009CNewProtocol.PackageSendData">
            <summary>
            发送数据打包
            </summary>
            <returns>数据打包结果：true--打包完成；false--打包错误；</returns>
        </member>
        <member name="P:CommonTools.Protocols.Sr8009CNewProtocol.LEN">
            <summary>
            包长
            </summary>
        </member>
        <member name="P:CommonTools.Protocols.Sr8009CNewProtocol.PID">
            <summary>
            报文标识
            </summary>
        </member>
        <member name="P:CommonTools.Protocols.Sr8009CNewProtocol.TNO">
            <summary>
            任务号
            </summary>
        </member>
        <member name="P:CommonTools.Protocols.Sr8009CNewProtocol.CMD">
            <summary>
            命令字
            </summary>
        </member>
        <member name="P:CommonTools.Protocols.Sr8009CNewProtocol.RL">
            <summary>
            路由信息--路由级数(最小2级:来源地址，目标地址)
            </summary>
        </member>
        <member name="P:CommonTools.Protocols.Sr8009CNewProtocol.RP">
            <summary>
            路由信息--路由位置(来源位置为0)
            </summary>
        </member>
        <member name="P:CommonTools.Protocols.Sr8009CNewProtocol.DataAreaLen">
            <summary>
            数据域长度
            </summary>
        </member>
        <member name="P:CommonTools.Protocols.Sr8009CNewProtocol.DRSSI">
            <summary>
            下行信号强度
            </summary>
        </member>
        <member name="P:CommonTools.Protocols.Sr8009CNewProtocol.URSSI">
            <summary>
            上行信息强度
            </summary>
        </member>
        <member name="P:CommonTools.Protocols.Sr8009CNewProtocol.CS">
            <summary>
            校验字
            </summary>
        </member>
        <member name="P:CommonTools.Protocols.Sr8009CNewProtocol.LM">
            <summary>
            结尾符
            </summary>
        </member>
        <member name="M:CommonTools.Protocols.Cj188C2004Protocol.SetData(System.Byte[],System.Byte,System.Int32)">
            <summary>
            9+m 设置数据域数据(m为数据域长度)
            <param name="tData">数据数组</param>
            <param name="iOffset">数组中数据的位置偏移量</param>
            <param name="iLen">数组中数据数量</param>
            </summary>
        </member>
        <member name="M:CommonTools.Protocols.Cj188C2004Protocol.SetData(System.Byte[])">
            <summary>
            9+m 设置数据域数据(m为数据域长度)
            <param name="tData">数据数组</param>
            </summary>
        </member>
        <member name="M:CommonTools.Protocols.Cj188C2004Protocol.GetData(System.Byte[])">
            <summary>
            读取数据域数据
            <param name="tData">返回的数据数组</param>
            <returns>数据长度</returns>
            </summary>
        </member>
        <member name="M:CommonTools.Protocols.Cj188C2004Protocol.ResolveUnpackData">
            <summary>
            解包成功数据解析
            </summary>
        </member>
        <member name="M:CommonTools.Protocols.Cj188C2004Protocol.UnpackReceivePoolData">
            <summary>
            电表数据包协议格式验证
            </summary>
            <returns></returns>
        </member>
        <member name="M:CommonTools.Protocols.Cj188C2004Protocol.PackageSendData">
            <summary>
            发送数据打包
            </summary>
            <returns>数据打包结果：true--打包完成；false--打包错误；</returns>
        </member>
        <member name="P:CommonTools.Protocols.Cj188C2004Protocol.FM">
            <summary>
            0 引导符
            </summary>
        </member>
        <member name="P:CommonTools.Protocols.Cj188C2004Protocol.MeterType">
            <summary>
            1 仪表类型
            </summary>
        </member>
        <member name="P:CommonTools.Protocols.Cj188C2004Protocol.MeterAddress">
            <summary>
            2..7 通信地址
            </summary>
        </member>
        <member name="P:CommonTools.Protocols.Cj188C2004Protocol.CMD">
            <summary>
            8 命令字
            </summary>
        </member>
        <member name="P:CommonTools.Protocols.Cj188C2004Protocol.CMD_DIR">
            <summary>
            命令字--传输方向(DIR=0：由主站发出的控制帧；DIR=1：由从站发出的应答帧；)
            </summary>
        </member>
        <member name="P:CommonTools.Protocols.Cj188C2004Protocol.CMD_ERR">
            <summary>
            命令字--通信状态(ERR=0：通讯正常；ERR=1：通讯异常；)
            </summary>
        </member>
        <member name="P:CommonTools.Protocols.Cj188C2004Protocol.CMD_Value">
            <summary>
            命令字--命令
            </summary>
        </member>
        <member name="P:CommonTools.Protocols.Cj188C2004Protocol.LEN">
            <summary>
            9 数据域长度
            </summary>
        </member>
        <member name="P:CommonTools.Protocols.Cj188C2004Protocol.CS">
            <summary>
            10+m 校验字(m为数据域长度)
            </summary>
        </member>
        <member name="P:CommonTools.Protocols.Cj188C2004Protocol.LM">
            <summary>
            11+m 结尾符(m为数据域长度)
            </summary>
        </member>
    </members>
</doc>
