<?xml version="1.0"?>
<doc>
    <assembly>
        <name>CommonTools</name>
    </assembly>
    <members>
        <member name="T:CommonTools.MsgQueue">
            <summary>
            消息队列类
            </summary>
        </member>
        <member name="M:CommonTools.MsgQueue.#ctor">
            <summary>
            无参构造函数
            </summary>
        </member>
        <member name="F:CommonTools.MsgQueue._lsQueue">
            <summary>
            消息队列
            </summary>
        </member>
        <member name="F:CommonTools.MsgQueue._bQueueAllowAccess">
            <summary>
            队列允许访问标志
            </summary>
        </member>
        <member name="M:CommonTools.MsgQueue.PushMsgToQueue(System.String)">
            <summary>
            消息压入队列
            </summary>
            <param name="sMsg">待添加到队列的消息</param>
        </member>
        <member name="M:CommonTools.MsgQueue.PullMsgFromQueue">
            <summary>
            消息弹出队列
            </summary>
            <returns>弹出队列的消息</returns>
        </member>
        <member name="M:CommonTools.MsgQueue.EnableQueueAccess">
            <summary>
            允许消息队列访问
            </summary>
        </member>
        <member name="M:CommonTools.MsgQueue.DisableQueueAccess">
            <summary>
            禁止消息队列访问
            </summary>
        </member>
        <member name="T:CommonTools.RunningLog">
            <summary>
            运行日志类
            </summary>
        </member>
        <member name="F:CommonTools.RunningLog._richTextBox">
            <summary>
            显示运行日志的文本框
            </summary>
        </member>
        <member name="F:CommonTools.RunningLog._sOutPutLogFolder">
            <summary>
            运行日志的保存目录
            </summary>
        </member>
        <member name="F:CommonTools.RunningLog._iMaxShowRows">
            <summary>
            显示运行日志文本框的最大行数
            </summary>
        </member>
        <member name="F:CommonTools.RunningLog._sSuffixFileName">
            <summary>
            日志文件名的后缀
            </summary>
        </member>
        <member name="F:CommonTools.RunningLog._sExtendFileName">
            <summary>
            日志文件名的扩展名
            </summary>
        </member>
        <member name="F:CommonTools.RunningLog._bLogInfoWithTimeTag">
            <summary>
            日志内容增加时间标记
            </summary>
        </member>
        <member name="F:CommonTools.RunningLog._msgQueue">
            <summary>
            日志消息队列
            </summary>
        </member>
        <member name="F:CommonTools.RunningLog._bRunningFlag">
            <summary>
            日志线程处理标志
            </summary>
        </member>
        <member name="F:CommonTools.RunningLog._thLogProcess">
            <summary>
            日志处理线程
            </summary>
        </member>
        <member name="M:CommonTools.RunningLog.#ctor">
            <summary>
            无参构造函数
            注：运行日志保存在应用程序根目录中的Log文件夹中，无界面显示
            </summary>
        </member>
        <member name="M:CommonTools.RunningLog.#ctor(System.Windows.Forms.RichTextBox)">
            <summary>
            有参构造函数
            注：运行日志仅在文本框中显示，不保存
            注：文本框默认最大显示为100行
            </summary>
            <param name="richTextBox">用于显示的富文本框</param>
        </member>
        <member name="M:CommonTools.RunningLog.#ctor(System.String)">
            <summary>
            有参构造函数
            注：运行日志保存在【指定的路径】中，无界面显示
            若：【日志输出的路径】非法，日志将默认保存在应用程序根目录中的Log文件夹中
            </summary>
            <param name="sOutPutPath">用于日志输出的路径</param>
        </member>
        <member name="M:CommonTools.RunningLog.#ctor(System.Windows.Forms.RichTextBox,System.String)">
            <summary>
            有参构造函数
            注：文本框默认最大显示为100行
            若：【日志输出的路径】非法，日志将默认保存在应用程序根目录中的Log文件夹中
            </summary>
            <param name="richTextBox">用于显示的富文本框</param>
            <param name="sOutPutPath">用于日志输出的路径</param>
        </member>
        <member name="M:CommonTools.RunningLog.#ctor(System.Windows.Forms.RichTextBox,System.Int32,System.String)">
            <summary>
            有参构造函数
            若：【日志输出的路径】非法，日志将默认保存在应用程序根目录中的Log文件夹中
            </summary>
            <param name="richTextBox">用于显示的富文本框</param>
            <param name="iMaxShowRows">文本显示最大行数(注：默认100行,最小10行,最大1000行)</param>
            <param name="sOutPutPath">用于日志输出的路径</param>
        </member>
        <member name="M:CommonTools.RunningLog.ShowRunningLog(System.String)">
            <summary>
            运行日志显示
            </summary>
            <param name="sLogMsg">日志信息</param>
        </member>
        <member name="M:CommonTools.RunningLog.SaveRunningLog(System.String,System.String,System.String)">
            <summary>
            将运行日志写入文件
            注：日志文件名组成：yyyyMMdd + 后缀 + . + 扩展名
            </summary>
            <param name="sLogContent">运行日志</param>
            <param name="sSuffixFileName">日志文件名的后缀(注：由字母、数字和下划线构成)</param>
            <param name="sExtendFileName">日志文件名的扩展名(注：由字母和数字构成)</param>
        </member>
        <member name="M:CommonTools.RunningLog.LogProcess">
            <summary>
            日志信息处理线程函数
            </summary>
        </member>
        <member name="M:CommonTools.RunningLog.SetMaxShowRows(System.Int32)">
            <summary>
            设置文本框最大显示行数
            </summary>
            <param name="iMaxRows">最大显示行数</param>
            <returns>true：设置成功；false：设置失败；</returns>
        </member>
        <member name="M:CommonTools.RunningLog.SetSuffixFileName(System.String)">
            <summary>
            设置日志文件名的后缀
            </summary>
            <param name="sSuffix">日志文件名的后缀(注：可空，或由字母、数字和下划线构成)</param>
            <returns>true：设置成功；false：设置失败；</returns>
        </member>
        <member name="M:CommonTools.RunningLog.SetExtendFileName(System.String)">
            <summary>
            设置日志文件名的扩展名(注：由字母和数字构成)
            </summary>
            <param name="sExtend">日志文件名的扩展名(注：由字母和数字构成)</param>
            <returns>true：设置成功；false：设置失败；</returns>
        </member>
        <member name="M:CommonTools.RunningLog.SetLogInfoWithTimeTag(System.Boolean)">
            <summary>
            设置日志内容是否带时间标签
            </summary>
            <param name="bTag">是否带时间标签(注：true：日志信息增加时间标签；false：只处理日志信息；)</param>
        </member>
        <member name="M:CommonTools.RunningLog.PushRunningLog(System.String)">
            <summary>
            运行日志信息输入
            </summary>
            <param name="sMsg">待处理的运行日志</param>
        </member>
        <member name="M:CommonTools.RunningLog.Start">
            <summary>
            启动运行日志处理
            </summary>
        </member>
        <member name="M:CommonTools.RunningLog.Stop">
            <summary>
            停止运行日志处理
            </summary>
        </member>
        <member name="T:CommonTools.RunningLog.ShowRunningLogCallBack">
            <summary>
            运行日志显示代理
            </summary>
            <param name="sLogMsg">日志信息</param>
        </member>
    </members>
</doc>
