<?xml version="1.0"?>
<doc>
    <assembly>
        <name>CommonTools.SerialPort</name>
    </assembly>
    <members>
        <member name="T:CommonTools.SerialPort.CustomSerialPort">
            <summary>
            自定义串口类
            </summary>
        </member>
        <member name="F:CommonTools.SerialPort.CustomSerialPort._bDisposed">
            <summary>
            Disposed标志
            </summary>
        </member>
        <member name="F:CommonTools.SerialPort.CustomSerialPort._spPort">
            <summary>
            串口对象
            </summary>
        </member>
        <member name="F:CommonTools.SerialPort.CustomSerialPort._iDataBits">
            <summary>
            串口数据位
            </summary>
        </member>
        <member name="F:CommonTools.SerialPort.CustomSerialPort._sbStopBits">
            <summary>
            串口停止位
            </summary>
        </member>
        <member name="F:CommonTools.SerialPort.CustomSerialPort._tmrReceiveDelay">
            <summary>
            串口接收数据定时器
            </summary>
        </member>
        <member name="F:CommonTools.SerialPort.CustomSerialPort._bReceiveDataWorkingFlag">
            <summary>
            串口接收数据处理标志；
            </summary>
        </member>
        <member name="F:CommonTools.SerialPort.CustomSerialPort._bReceiveDataBuffer">
            <summary>
            串口接收数据缓冲区
            </summary>
        </member>
        <member name="F:CommonTools.SerialPort.CustomSerialPort._iReceiveDataLen">
            <summary>
            串口接收数据缓冲区数据长度
            </summary>
        </member>
        <member name="M:CommonTools.SerialPort.CustomSerialPort.#ctor">
            <summary>
            默认构造函数
            串口名称: COM1
            波特率: 9600
            校验方式: None
            数据位: 8
            停止位: 1
            </summary>
        </member>
        <member name="M:CommonTools.SerialPort.CustomSerialPort.#ctor(System.String)">
            <summary>
            带串口名称的构造函数
            串口名称: 用户设定
            波特率: 9600
            校验方式: None
            数据位: 8
            停止位: 1
            </summary>
            <param name="sPortName">串口名称</param>
        </member>
        <member name="M:CommonTools.SerialPort.CustomSerialPort.#ctor(System.String,System.Int32)">
            <summary>
            带串口名称和波特率的构造函数
            串口名称: 用户设定
            波特率: 用户设定
            校验方式: None
            数据位: 8
            停止位: 1
            </summary>
            <param name="sPortName">串口名称</param>
            <param name="iBaudRate">波特率</param>
        </member>
        <member name="M:CommonTools.SerialPort.CustomSerialPort.#ctor(System.String,System.Int32,System.IO.Ports.Parity)">
            <summary>
            带串口名称、波特率、校验方式的构造函数
            串口名称: 用户设定
            波特率: 用户设定
            校验方式: 用户设定
            数据位: 8
            停止位: 1
            </summary>
            <param name="sPortName">串口名称</param>
            <param name="iBaudRate">波特率</param>
            <param name="pParity">校验方式</param>
        </member>
        <member name="M:CommonTools.SerialPort.CustomSerialPort.EnableReceiveDelayTimer">
            <summary>
            接收数据定时器使能
            </summary>
        </member>
        <member name="M:CommonTools.SerialPort.CustomSerialPort.DisableReceiveDelayTimer">
            <summary>
            接收数据定时器禁用
            </summary>
        </member>
        <member name="M:CommonTools.SerialPort.CustomSerialPort.PortReceivedData(System.Object,System.IO.Ports.SerialDataReceivedEventArgs)">
            <summary>
            串口数据接收并放入缓冲区
            </summary>
            <param name="sender"></param>
            <param name="e"></param>
        </member>
        <member name="M:CommonTools.SerialPort.CustomSerialPort._tmrReceiveDelay_Elapsed(System.Object,System.Timers.ElapsedEventArgs)">
            <summary>
            接收数据超时处理
            </summary>
            <param name="sender"></param>
            <param name="e"></param>
        </member>
        <member name="M:CommonTools.SerialPort.CustomSerialPort.DoReceiveDataEvent(System.Object,CommonTools.SerialPort.CustomSerialPortReceiveDataEventArgs)">
            <summary>
            触发串口接收数据完成事件
            </summary>
            <param name="sender">事件的发布者</param>
            <param name="e">事件参数</param>
        </member>
        <member name="M:CommonTools.SerialPort.CustomSerialPort.OpenPort">
            <summary>
            打开通信串口
            </summary>
            <returns>true--打开成功；false--打开失败；</returns>
        </member>
        <member name="M:CommonTools.SerialPort.CustomSerialPort.ClosePort">
            <summary>
            关闭通信串口
            </summary>
        </member>
        <member name="M:CommonTools.SerialPort.CustomSerialPort.WriteSendData(System.Byte[])">
            <summary>
            串口发送数据
            </summary>
            <param name="bData">发送数据数组</param>
        </member>
        <member name="M:CommonTools.SerialPort.CustomSerialPort.WriteSendData(System.Byte[],System.Int32,System.Int32)">
            <summary>
            串口发送数据
            </summary>
            <param name="bData">发送数据数组</param>
            <param name="iOffset">偏移量</param>
            <param name="iLen">数据长度</param>
            <returns></returns>
        </member>
        <member name="M:CommonTools.SerialPort.CustomSerialPort.Finalize">
            <summary>
            析构函数
            </summary>
        </member>
        <member name="M:CommonTools.SerialPort.CustomSerialPort.Dispose">
            <summary>
            重载Dispose函数
            </summary>
        </member>
        <member name="M:CommonTools.SerialPort.CustomSerialPort.Dispose(System.Boolean)">
            <summary>
            Dispose虚函数,重载时，在此函数中释放托管和非托管资源
            </summary>
            <param name="disposing"></param>
        </member>
        <member name="P:CommonTools.SerialPort.CustomSerialPort.PortName">
            <summary>
            串口名称
            </summary>
        </member>
        <member name="P:CommonTools.SerialPort.CustomSerialPort.BaudRate">
            <summary>
            串口波特率
            </summary>
        </member>
        <member name="P:CommonTools.SerialPort.CustomSerialPort.Parity">
            <summary>
            串口校验方式
            </summary>
        </member>
        <member name="P:CommonTools.SerialPort.CustomSerialPort.ReceiveDelayInterval">
            <summary>
            串口接收数据帧确定间隔时间(毫秒)
            </summary>
        </member>
        <member name="E:CommonTools.SerialPort.CustomSerialPort.ReceiveDataEvent">
            <summary>
            串口接收数据完成事件
            </summary>
        </member>
        <member name="T:CommonTools.SerialPort.CustomSerialPort.CustomSerialPortReceiveDataEventHandler">
            <summary>
            串口接收数据完成事件委托
            </summary>
            <param name="sender">事件的发布者</param>
            <param name="e">事件参数</param>
        </member>
        <member name="T:CommonTools.SerialPort.CustomSerialPortReceiveDataEventArgs">
            <summary>
            自定义串口接收数据事件类
            </summary>
        </member>
        <member name="F:CommonTools.SerialPort.CustomSerialPortReceiveDataEventArgs._bDataBuffer">
            <summary>
            串口数据缓冲区
            </summary>
        </member>
        <member name="F:CommonTools.SerialPort.CustomSerialPortReceiveDataEventArgs._iDataBufferLen">
            <summary>
            数据缓冲区数据长度
            </summary>
        </member>
        <member name="M:CommonTools.SerialPort.CustomSerialPortReceiveDataEventArgs.#ctor">
            <summary>
            默认构造函数
            </summary>
        </member>
        <member name="M:CommonTools.SerialPort.CustomSerialPortReceiveDataEventArgs.#ctor(System.Byte[])">
            <summary>
            带1参数构造函数
            </summary>
            <param name="bData">数据数组</param>
        </member>
        <member name="M:CommonTools.SerialPort.CustomSerialPortReceiveDataEventArgs.#ctor(System.Byte[],System.Int32,System.Int32)">
            <summary>
            带2参数构造函数
            </summary>
            <param name="bData">数据数组</param>
            <param name="iOffset">偏移量</param>
            <param name="iLen">数据长度</param>
        </member>
        <member name="M:CommonTools.SerialPort.CustomSerialPortReceiveDataEventArgs.ReadReceiveData(System.Byte[])">
            <summary>
            读取串口字节数数据
            </summary>
            <param name="bData">传出数据数组</param>
        </member>
        <member name="M:CommonTools.SerialPort.CustomSerialPortReceiveDataEventArgs.ReadReceiveData">
            <summary>
            读取串口字节数数据
            </summary>
        </member>
        <member name="M:CommonTools.SerialPort.CustomSerialPortReceiveDataEventArgs.ShowReceiveData">
            <summary>
            读取串口HEX字符串数据
            </summary>
            <returns></returns>
        </member>
        <member name="M:CommonTools.SerialPort.CustomSerialPortReceiveDataEventArgs.ShowReceiveData(System.Char)">
            <summary>
            读取串口HEX字符串数据
            </summary>
            <returns></returns>
        </member>
    </members>
</doc>
