<?xml version="1.0"?>
<doc>
    <assembly>
        <name>CommonTools.CommonLib</name>
    </assembly>
    <members>
        <member name="T:CommonTools.CommonLib.FunLib">
            <summary>
            自定义函数库
            </summary>
        </member>
        <member name="M:CommonTools.CommonLib.FunLib.LeftFillCharToLen(System.String,System.Char,System.Int32)">
            <summary>
            左向填充字符得到指定长度的字符串
            </summary>
            <param name="sStr">待处理字符串</param>
            <param name="cChar">待填充字符</param>
            <param name="iLen">填充后字符串长度</param>
            <returns>结果字符串</returns>
        </member>
        <member name="M:CommonTools.CommonLib.FunLib.RightFillCharToLen(System.String,System.Char,System.Int32)">
            <summary>
            右向填充字符得到指定长度的字符串
            </summary>
            <param name="sStr">待处理字符串</param>
            <param name="cChar">待填充字符</param>
            <param name="iLen">填充后字符串长度</param>
            <returns>结果字符串</returns>
        </member>
        <member name="M:CommonTools.CommonLib.FunLib.StrRepeat(System.Char,System.Int32)">
            <summary>
            返回重复指定次数字符的字符串
            </summary>
            <param name="c">待重复字符</param>
            <param name="n">重复次数</param>
            <returns>结果字符串</returns>
        </member>
        <member name="M:CommonTools.CommonLib.FunLib.ChkStrIsNumber(System.String)">
            <summary>
            检查字符串是为数值
            </summary>
            <param name="sStr">待检查字符串</param>
            <returns>检查结果：true--合法；false--非法</returns>
        </member>
        <member name="M:CommonTools.CommonLib.FunLib.ChkStrIsHex(System.String)">
            <summary>
            检查字符串是为十六进制字符组成
            </summary>
            <param name="sStr">待检查字符串</param>
            <returns>检查结果：true--合法；false--非法</returns>
        </member>
        <member name="M:CommonTools.CommonLib.FunLib.ChkStrIsBcd(System.String)">
            <summary>
            检查字符串是为BCD字符组成
            </summary>
            <param name="sStr">待检查字符串</param>
            <returns>检查结果：true--合法；false--非法</returns>
        </member>
        <member name="M:CommonTools.CommonLib.FunLib.ChkStrIsDateTime(System.String)">
            <summary>
            检查字符串为日期时间类型(YYYY-M/MM-D/DD h/hh:m/mm:s/ss)
            </summary>
            <param name="sStr">待检查字符串</param>
            <returns>检查结果：true--合法；false--非法</returns>
        </member>
        <member name="M:CommonTools.CommonLib.FunLib.ChkStrIsIp(System.String)">
            <summary>
            检查IP字符串
            </summary>
            <param name="sIp">待检查字符串</param>
            <returns>检查结果：true--合法；false--非法</returns>
        </member>
        <member name="M:CommonTools.CommonLib.FunLib.HexStrToByteList(System.String,System.Byte[]@,System.Int32@)">
            <summary>
            HEX字符串转换HEX字节数组
            </summary>
            <param name="sData">HEX字符串</param>
            <param name="bData">返回HEX字节数组</param>
            <param name="iLen">返回写入字节数组长度</param>
        </member>
        <member name="M:CommonTools.CommonLib.FunLib.HexStrToByteList(System.String,System.Byte[]@,System.Int32)">
            <summary>
            HEX字符串转换HEX字节数组
            </summary>
            <param name="sData">HEX字符串</param>
            <param name="bData">返回HEX字节数组</param>
            <param name="iOffSet">写入字节数组偏移量</param>
        </member>
        <member name="M:CommonTools.CommonLib.FunLib.HexStrToByteList(System.String,System.Byte[]@,System.Int32,System.Int32@)">
            <summary>
            HEX字符串转换HEX字节数组
            </summary>
            <param name="sData">HEX字符串</param>
            <param name="bData">返回HEX字节数组</param>
            <param name="iOffSet">写入字节数组偏移量</param>
            <param name="iLen">返回写入字节数组长度</param>
        </member>
        <member name="M:CommonTools.CommonLib.FunLib.HexStrToByteList(System.String)">
            <summary>
            HEX字符串转换HEX字节数组
            </summary>
            <param name="sData">HEX字符串</param>
            <returns>返回HEX字节数组</returns>
        </member>
        <member name="M:CommonTools.CommonLib.FunLib.HexStrReverseToByteList(System.String,System.Byte[]@,System.Int32)">
            <summary>
            HEX字符串翻转后转换HEX字节数组(双字节翻转)
            </summary>
            <param name="sData">HEX字符串</param>
            <param name="bData">返回HEX字节数组</param>
            <param name="iOffSet">写入字节数组偏移量</param>
        </member>
        <member name="M:CommonTools.CommonLib.FunLib.HexStrReverseToByteList(System.String,System.Byte[]@,System.Int32@)">
            <summary>
            HEX字符串翻转后转换HEX字节数组(双字节翻转)
            </summary>
            <param name="sData">HEX字符串</param>
            <param name="bData">返回HEX字节数组</param>
            <param name="iLen">返回字节数组长度</param>
        </member>
        <member name="M:CommonTools.CommonLib.FunLib.HexStrReverseToByteList(System.String,System.Byte[]@,System.Int32,System.Int32@)">
            <summary>
            HEX字符串翻转后转换HEX字节数组(双字节翻转)
            </summary>
            <param name="sData">HEX字符串</param>
            <param name="bData">返回HEX字节数组</param>
            <param name="iOffSet">写入字节数组偏移量</param>
            <param name="iLen">返回字节数组长度</param>
        </member>
        <member name="M:CommonTools.CommonLib.FunLib.HexStrReverseToByteList(System.String)">
            <summary>
            HEX字符串翻转后转换HEX字节数组(双字节翻转)
            </summary>
            <param name="sData">HEX字符串</param>
            <returns>返回HEX字节数组</returns>
        </member>
        <member name="M:CommonTools.CommonLib.FunLib.ByteListReverseToHexStr(System.Byte[])">
            <summary>
            HEX字节数组翻转后转换HEX字符串(双字节翻转)
            </summary>
            <param name="bData">待处理HEX字节数组</param>
            <returns>HEX字符串</returns>
        </member>
        <member name="M:CommonTools.CommonLib.FunLib.ByteListReverseToHexStr(System.Byte[],System.Int32)">
            <summary>
            HEX字节数组翻转后转换HEX字符串(双字节翻转)
            </summary>
            <param name="bData">待处理HEX字节数组</param>
            <param name="iOffSet">待处理字节数组偏移量</param>
            <returns>HEX字符串</returns>
        </member>
        <member name="M:CommonTools.CommonLib.FunLib.ByteListReverseToHexStr(System.Byte[],System.Int32,System.Int32)">
            <summary>
            HEX字节数组翻转后转换HEX字符串(双字节翻转)
            </summary>
            <param name="bData">待处理HEX字节数组</param>
            <param name="iOffSet">待处理字节数组偏移量</param>
            <param name="iLen">待处理字节数量</param>
            <returns>HEX字符串</returns>
        </member>
        <member name="M:CommonTools.CommonLib.FunLib.ReplaceInvalidHexChar(System.String,System.Char)">
            <summary>
            字符串中非HEX字符替换为指定字符
            </summary>
            <param name="sStr">待处理字符串</param>
            <param name="cReplace">替换字符</param>
            <returns>替换后的字符串</returns>
        </member>
        <member name="M:CommonTools.CommonLib.FunLib.RemoveInvalidHexChar(System.String)">
            <summary>
            去掉字符串中非HEX字符
            </summary>
            <param name="sStr">待处理字符串</param>
            <returns>处理后的字符串</returns>
        </member>
        <member name="M:CommonTools.CommonLib.FunLib.StrReverse(System.String)">
            <summary>
            字符串翻转
            </summary>
            <param name="sStr">待翻转的字符串</param>
            <returns>翻转后的字符串</returns>
        </member>
        <member name="M:CommonTools.CommonLib.FunLib.ByteListToHexStr(System.Byte[],System.Int32,System.Int32)">
            <summary>
            HEX字节数组转换HEX字符串
            </summary>
            <param name="bData">待处理HEX字节数组</param>
            <param name="iOffSet">待处理字节数组偏移量</param>
            <param name="iLen">待处理字节数量</param>
            <returns>HEX字符串</returns>
        </member>
        <member name="M:CommonTools.CommonLib.FunLib.CalcByteSum(System.Byte[],System.Int32,System.Int32)">
            <summary>
            计算数据的单字节校验和
            </summary>
            <param name="tData"></param>
            <param name="iOffSet"></param>
            <param name="iLen"></param>
            <returns></returns>
        </member>
        <member name="M:CommonTools.CommonLib.FunLib.CalcCrc8(System.Byte[],System.Int32,System.Int32)">
            <summary>
            计算数据的单字节CRC8
            </summary>
            <param name="tData"></param>
            <param name="iOffSet"></param>
            <param name="iLen"></param>
            <returns></returns>
        </member>
        <member name="M:CommonTools.CommonLib.FunLib.CalcCrcModBusToByte(System.Byte[],System.Int32,System.Int32)">
            <summary>
            计算数据的CRC16(ModBus)返回字节数组
            </summary>
            <param name="tData"></param>
            <param name="iOffSet"></param>
            <param name="iLen"></param>
            <returns></returns>
        </member>
        <member name="M:CommonTools.CommonLib.FunLib.CalcCrcModBusToInt(System.Byte[],System.Int32,System.Int32)">
            <summary>
            计算数据的CRC16(ModBus)返回整型值
            </summary>
            <param name="tData"></param>
            <param name="iOffSet"></param>
            <param name="iLen"></param>
            <returns></returns>
        </member>
        <member name="M:CommonTools.CommonLib.FunLib.CalcCrcCCITTToByte(System.Byte[],System.Int32,System.Int32)">
            <summary>
            计算数据的CRC16(CCITT)返回字节数组
            </summary>
            <param name="tData"></param>
            <param name="iOffSet"></param>
            <param name="iLen"></param>
            <returns></returns>
        </member>
        <member name="M:CommonTools.CommonLib.FunLib.CalcCrcCCITTToInt(System.Byte[],System.Int32,System.Int32)">
            <summary>
            计算数据的CRC16(CCITT)返回整型值
            </summary>
            <param name="tData"></param>
            <param name="iOffSet"></param>
            <param name="iLen"></param>
            <returns></returns>
        </member>
        <member name="M:CommonTools.CommonLib.FunLib.CalcCrcCCITTReverseToByte(System.Byte[],System.Int32,System.Int32)">
            <summary>
            计算数据的CRC16(CCITT反转)返回字节数组
            </summary>
            <param name="Buf"></param>
            <param name="iStart"></param>
            <param name="iLen"></param>
            <returns></returns>
        </member>
        <member name="M:CommonTools.CommonLib.FunLib.CalcCrcCCITTReverseToInt(System.Byte[],System.Int32,System.Int32)">
            <summary>
            计算数据的CRC16(CCITT反转)返回整型值
            </summary>
            <param name="Buf"></param>
            <param name="iStart"></param>
            <param name="iLen"></param>
            <returns></returns>
        </member>
        <member name="M:CommonTools.CommonLib.FunLib.ArrayCopyToArray(System.Byte[],System.Byte[]@)">
            <summary>
            字节数组赋值给字节数组(全部复制)
            </summary>
            <param name="bSrcArray">源数组</param>
            <param name="bDesArray">目标数组</param>
        </member>
        <member name="M:CommonTools.CommonLib.FunLib.ArrayCopyToArray(System.Byte[],System.Int32,System.Int32,System.Byte[]@,System.Int32)">
            <summary>
            字节数组赋值给字节数组(自定义复制)
            </summary>
            <param name="bSrcArray">源数组</param>
            <param name="iOffSet">开始复制偏移量</param>
            <param name="iCopyLen">复制长度</param>
            <param name="bDesArray">目标数组</param>
            <param name="iStartIndex">复制填充偏移量</param>
        </member>
        <member name="M:CommonTools.CommonLib.FunLib.ArrayCopyToArray(System.Byte[],System.Byte[]@,System.Int32)">
            <summary>
            字节数组赋值给字节数组(自定义复制)
            </summary>
            <param name="bSrcArray">源数组</param>
            <param name="bDesArray">目标数组</param>
            <param name="iStartIndex">复制填充偏移量</param>
        </member>
        <member name="M:CommonTools.CommonLib.FunLib.GetLocalIp">
            <summary>
            获取本机IP
            </summary>
            <returns></returns>
        </member>
        <member name="M:CommonTools.CommonLib.FunLib.IpToBytes(System.String,System.Byte[]@)">
            <summary>
            IP转字节数组
            </summary>
            <param name="sIp">IP字符串</param>
            <param name="bIp">IP字节数组</param>
            <returns></returns>
        </member>
    </members>
</doc>
