﻿<?xml version="1.0" encoding="utf-8" ?>
<NBParameters>
  <WorkNBParameters>
    <!--0(1,1) 表具类型-->
    <NBMeterType>16</NBMeterType>
    <!--1(3,1) 脉冲系数-->
    <NBPulseConstant>1</NBPulseConstant>
    <!--2(4,1) 磁扰开阀-->
    <NBMagicAttack>50</NBMagicAttack>
    <!--3(5,1) 最小闭合脉冲-->
    <NBMinCloseTime>100</NBMinCloseTime>
    <!--4(4,2) 阀控时间-->
    <NBValveControlOverTime>12000</NBValveControlOverTime>
    <!--5(4,3) 过流阀值-->
    <NBValveControlOverCurrent>150</NBValveControlOverCurrent>
    <!--6(1,2) 电池电压类型-->
    <NBBatteryType>0</NBBatteryType>
    <!--7(6,1) 定时上传间隔-->
    <NBFixedtimeUpload>120</NBFixedtimeUpload>
    <!--8(6,2) 定量上传间隔-->
    <NBFixednumUpload>2</NBFixednumUpload>
    <!--9(5,2) 最大上传次数-->
    <NBMaxUploadPerDay>3</NBMaxUploadPerDay>
    <!--10(3,2) 传感器类型-->
    <NBSensorType>1</NBSensorType>
    <!--11(7,1) IP的第1个字节-->
    <IPPartOne>121</IPPartOne>
    <!--12(6,3) IP的第2个字节-->
    <IPPartTwo>43</IPPartTwo>
    <!--13(7,3) IP的第3个字节-->
    <IPPartThree>175</IPPartThree>
    <!--14(5,3) IP的第4个字节-->
    <IPPartFour>222</IPPartFour>
    <!--15(7,2) 服务器连接端口-->
    <IPPortNum>5683</IPPortNum>
    <!--16(8,2) 防锈间隔-->
    <NBAntirustTime>10</NBAntirustTime>
    <!--17(9,3) 调试类型-->
    <NBDebugType>0</NBDebugType>
    <!--18(2,3) SIM卡类型-->
    <NBFactoryId>46001000</NBFactoryId>
    <!--19(9,1) NB通信频率-->
    <NBCommunicationBand>3</NBCommunicationBand>
    <!--20(9,2) NB连接方式-->
    <NBCommunicationType>1</NBCommunicationType>
    <!--21(A,3) 冻结数据条数-->
    <NBFrozenDataCount>2</NBFrozenDataCount>
    <!--22(A,1) 冻结数据间隔-->
    <NBFrozenInterval>1</NBFrozenInterval>
    <!--23(A,2) 剩余用量报警限值-->
    <NBMarginAlarm>5</NBMarginAlarm>
    <!--24(B,3) 剩余用量关阀限值-->
    <NBMarginValveClose>10</NBMarginValveClose>
    <!--25(B,1) 剩余用量-->
    <NBMarginValue>0</NBMarginValue>
    <!--26(B,2) 参考上期读数-->
    <NBLastCode>0</NBLastCode>
    <!--29(2,1) 正转用量-->
    <NBForwarkFlow>0</NBForwarkFlow>
    <!--30(2,2) 反转用量-->
    <NBReverseFlow>0</NBReverseFlow>
    <!--31(1,3) 阀门状态-->
    <NBValveStatus>0</NBValveStatus>
    <!--32(1,4) 功能使能状态-->
    <NBFunctionParameters>0000000000010000</NBFunctionParameters>
    <!--34(C,1) RF侦听类型（按月、按日）-->
    <NBRfDetectType>0</NBRfDetectType>
    <!--35(C,2) RF侦听开始时间-->
    <NBRfDetectStart>0</NBRfDetectStart>
    <!--36(C,3) RF侦听时长-->
    <NBRfDetectDelay>24</NBRfDetectDelay>
  

</WorkNBParameters>
</NBParameters>
