﻿<?xml version="1.0" encoding="utf-8" ?>
<Parameters>
    <WorkParameters>
        <!--0(1,1) 表具类型-->
        <MeterType>16</MeterType>
        <!--1(3,1) 脉冲系数-->
        <PulseConstant>1</PulseConstant>
        <!--2(4,1) 磁扰开阀-->
        <MagicAttack>50</MagicAttack>
        <!--3(5,1) 最小闭合脉冲-->
        <MinCloseTime>100</MinCloseTime>
        <!--4(4,2) 阀控时间-->
        <ValveControlOverTime>12000</ValveControlOverTime>
        <!--5(4,3) 过流阀值-->
        <ValveControlOverCurrent>150</ValveControlOverCurrent>
        <!--6(1,2) 电池电压类型-->
        <BatteryType>0</BatteryType>
        <!--7(6,1) 定时上传间隔-->
        <FixedtimeUpload>120</FixedtimeUpload>
        <!--8(6,2) 定量上传间隔-->
        <FixednumUpload>2</FixednumUpload>
        <!--9(5,2) 最大上传次数-->
        <MaxUploadPerDay>3</MaxUploadPerDay>
        <!--10(3,2) 传感器类型-->
        <SensorType>1</SensorType>
        <!--11(7,1) 基准接收频率-->
        <BaseRate>470000</BaseRate>
        <!--12_1(6,3) 侦听信道、通信信道-->
        <ReceiveChannel>3</ReceiveChannel>
        <!--12_2(7,3) 集中器应答信道-->
        <AnswerChannel>8</AnswerChannel>
        <!--13(5,3) 发射信道-->
        <SendChannel>25</SendChannel>
        <!--14(7,2) 发射功率-->
        <SendPower>240</SendPower>
        <!--15(8,2) 防锈间隔-->
        <AntirustTime>10</AntirustTime>
        <!--16(9,3) 调试类型-->
        <DebugType>0</DebugType>
        <!--17(2,3) 运营商编号-->
        <FactoryId>11223344</FactoryId>
        <!--19(9,1) 冻结数据类型-->
        <FrozenDataType>0</FrozenDataType>
        <!--20(9,2) 冻结数据时间-->
        <FrozenDataTime>3</FrozenDataTime>
        <!--21(A,3) 冻结数据条数-->
        <FrozenDataCount>2</FrozenDataCount>
        <!--22(A,1) 冻结数据间隔-->
        <FrozenInterval>1</FrozenInterval>
        <!--23(A,2) 剩余用量报警限值-->
        <MarginAlarm>5</MarginAlarm>
        <!--24(B,3) 剩余用量关阀限值-->
        <MarginValveClose>0</MarginValveClose>
        <!--25(B,1) 剩余用量-->
        <MarginValue>0</MarginValue>
        <!--26(B,2) 参考上期读数-->
        <LastCode>0</LastCode>
        <!--29(2,1) 正转用量-->
        <ForwarkFlow>0</ForwarkFlow>
        <!--30(2,2) 反转用量-->
        <ReverseFlow>0</ReverseFlow>
        <!--31(1,3) 阀门状态-->
        <ValveStatus>0</ValveStatus>
        <!--32(1,4) 功能使能状态-->
        <FunctionParameters>0000000000010000</FunctionParameters>
        <!--34(C,1) RF侦听类型（按月、按日）-->
        <RfDetectType>0</RfDetectType>
        <!--35(C,2) RF侦听开始时间-->
        <RfDetectStart>0</RfDetectStart>
        <!--36(C,3) RF侦听时长-->
        <RfDetectDelay>24</RfDetectDelay>
        <!--37(C,4) 频段掩码-->
        <FrequencyBandMask>0</FrequencyBandMask>
        <!--38(C,5) 自适应速率-->
        <AdaptiveRate>0</AdaptiveRate>
    </WorkParameters>
</Parameters>
