﻿<?xml version="1.0" encoding="utf-8" ?>
<configuration>
    <Tasks>
        <Task>
            <PrimaryKey>2,0</PrimaryKey>
            <MainCmd>2</MainCmd>
            <SubCmd>0</SubCmd>
            <Group>0</Group>
            <Name>读取集中器版本信息</Name>
            <Descript>2.读取集中器版本信息</Descript>
            <Paras>
                <Para>
                    <KeyName Format="\d{12}">SourceId</KeyName>
                </Para>
                <Para>
                    <KeyName Format="\d{12}">ConcentratorNo</KeyName>
                </Para>
            </Paras>
        </Task>
        <Task>
            <PrimaryKey>3,0</PrimaryKey>
            <MainCmd>3</MainCmd>
            <SubCmd>0</SubCmd>
            <Group>0</Group>
            <Name>广播方式读取集中器编号</Name>
            <Descript>3.广播方式读取集中器编号</Descript>
            <Paras>
                <Para>
                    <KeyName Format="\d{12}">SourceId</KeyName>
                </Para>
                <Para>
                    <KeyName Format="[0-9a-fA-F]{12}">BroadcastId</KeyName>
                </Para>
            </Paras>
        </Task>
        <Task>
            <PrimaryKey>4,0</PrimaryKey>
            <MainCmd>4</MainCmd>
            <SubCmd>0</SubCmd>
            <Group>0</Group>
            <Name>设置集中器编号</Name>
            <Descript>4.设置集中器编号</Descript>
            <Paras>
                <Para>
                    <KeyName Format="\d{12}">SourceId</KeyName>
                </Para>
                <Para>
                    <KeyName Format="[0-9a-fA-F]{12}">OldConcentratorNo</KeyName>
                </Para>
                <Para>
                    <KeyName Format="\d{12}">NewConcentratorNo</KeyName>
                </Para>
            </Paras>
        </Task>
        <Task>
            <PrimaryKey>5,0</PrimaryKey>
            <MainCmd>5</MainCmd>
            <SubCmd>0</SubCmd>
            <Group>0</Group>
            <Name>读取集中器时钟</Name>
            <Descript>5.读取集中器时钟</Descript>
            <Paras>
                <Para>
                    <KeyName Format="\d{12}">SourceId</KeyName>
                </Para>
                <Para>
                    <KeyName Format="\d{12}">ConcentratorNo</KeyName>
                </Para>
            </Paras>
        </Task>
        <Task>
            <PrimaryKey>6,0</PrimaryKey>
            <MainCmd>6</MainCmd>
            <SubCmd>0</SubCmd>
            <Group>0</Group>
            <Name>设置集中器时钟</Name>
            <Descript>6.设置集中器时钟</Descript>
            <Paras>
                <Para>
                    <KeyName Format="\d{12}">SourceId</KeyName>
                </Para>
                <Para>
                    <KeyName Format="\d{12}">ConcentratorNo</KeyName>
                </Para>
                <Para>
                    <!-- 格式说明：yyyyMMddHHmmss -->
                    <!-- 内容说明：年月日时分秒 -->
                    <KeyName Format="\d{14}">ClockTime</KeyName>
                </Para>
            </Paras>
        </Task>
        <Task>
            <PrimaryKey>7,0</PrimaryKey>
            <MainCmd>7</MainCmd>
            <SubCmd>0</SubCmd>
            <Group>0</Group>
            <Name>读取集中器DTU参数</Name>
            <Descript>7.读取集中器DTU参数</Descript>
            <Paras>
                <Para>
                    <KeyName Format="\d{12}">SourceId</KeyName>
                </Para>
                <Para>
                    <KeyName Format="\d{12}">ConcentratorNo</KeyName>
                </Para>
            </Paras>
        </Task>
        <Task>
            <PrimaryKey>8,0</PrimaryKey>
            <MainCmd>8</MainCmd>
            <SubCmd>0</SubCmd>
            <Group>0</Group>
            <Name>设置集中器DTU参数</Name>
            <Descript>8.设置集中器DTU参数</Descript>
            <Paras>
                <Para>
                    <KeyName Format="\d{12}">SourceId</KeyName>
                </Para>
                <Para>
                    <KeyName Format="\d{12}">ConcentratorNo</KeyName>
                </Para>
                <Para>
                    <KeyName Format="([1-9]|[1-9]\d|1\d{2}|2[0-4]\d|25[0-5])(\.(\d|[1-9]\d|1\d{2}|2[0-4]\d|25[0-5])){3}">DscIp</KeyName>
                </Para>
                <Para>
                    <KeyName Format="\d+">DscPort</KeyName>
                </Para>
                <Para>
                    <KeyName Format="([0-9]|[1-9]\d|1\d{2}|2[0-4]\d|25[0-5])(\.(\d|[1-9]\d|1\d{2}|2[0-4]\d|25[0-5])){3}">BakDscIp</KeyName>
                </Para>
                <Para>
                    <KeyName Format="\d+">BakDscPort</KeyName>
                </Para>
                <Para>
                    <KeyName Format="\d+">HeartBeat</KeyName>
                </Para>
                <Para>
                    <KeyName Format="*">APN</KeyName>
                </Para>
                <Para>
                    <KeyName Format="*">UserName</KeyName>
                </Para>
                <Para>
                    <KeyName Format="*">UserPass</KeyName>
                </Para>
            </Paras>
        </Task>
        <Task>
            <PrimaryKey>9,0</PrimaryKey>
            <MainCmd>9</MainCmd>
            <SubCmd>0</SubCmd>
            <Group>0</Group>
            <Name>读取集中器DTU信号强度</Name>
            <Descript>9.读取集中器DTU信号强度</Descript>
            <Paras>
                <Para>
                    <KeyName Format="\d{12}">SourceId</KeyName>
                </Para>
                <Para>
                    <KeyName Format="\d{12}">ConcentratorNo</KeyName>
                </Para>
            </Paras>
        </Task>
        <Task>
            <PrimaryKey>10,0</PrimaryKey>
            <MainCmd>10</MainCmd>
            <SubCmd>0</SubCmd>
            <Group>0</Group>
            <Name>格式化集中器</Name>
            <Descript>10.格式化集中器</Descript>
            <Paras>
                <Para>
                    <KeyName Format="\d{12}">SourceId</KeyName>
                </Para>
                <Para>
                    <KeyName Format="\d{12}">ConcentratorNo</KeyName>
                </Para>
            </Paras>
        </Task>
        <Task>
            <PrimaryKey>11,0</PrimaryKey>
            <MainCmd>11</MainCmd>
            <SubCmd>0</SubCmd>
            <Group>0</Group>
            <Name>清除集中器中表具数据</Name>
            <Descript>11.清除集中器中表具数据</Descript>
            <Paras>
                <Para>
                    <KeyName Format="\d{12}">SourceId</KeyName>
                </Para>
                <Para>
                    <KeyName Format="\d{12}">ConcentratorNo</KeyName>
                </Para>
            </Paras>
        </Task>
        <Task>
            <PrimaryKey>12,0</PrimaryKey>
            <MainCmd>12</MainCmd>
            <SubCmd>0</SubCmd>
            <Group>0</Group>
            <Name>读取集中器工作参数</Name>
            <Descript>12.读取集中器工作参数</Descript>
            <Paras>
                <Para>
                    <KeyName Format="\d{12}">SourceId</KeyName>
                </Para>
                <Para>
                    <KeyName Format="\d{12}">ConcentratorNo</KeyName>
                </Para>
            </Paras>
        </Task>
        <Task>
            <PrimaryKey>13,0</PrimaryKey>
            <MainCmd>13</MainCmd>
            <SubCmd>0</SubCmd>
            <Group>0</Group>
            <Name>设置集中器工作参数</Name>
            <Descript>13.设置集中器工作参数</Descript>
            <Paras>
                <Para>
                    <KeyName Format="\d{12}">SourceId</KeyName>
                </Para>
                <Para>
                    <KeyName Format="\d{12}">ConcentratorNo</KeyName>
                </Para>
                <Para>
                    <KeyName Format="[0-1]{1}">DataType</KeyName>
                </Para>
                <Para>
                    <KeyName Format="[0-1]{8}">WorkPara</KeyName>
                </Para>
                <Para>
                    <KeyName Format="([0-9]{1}|1[0-9]{1}|2[0-3]{1})">ForceUploadTime</KeyName>
                </Para>
                <Para>
                    <KeyName Format="[0-1]{32}">ReadingDataDate</KeyName>
                </Para>
                <Para>
                    <KeyName Format="([0-9]{1}|1[0-9]{1}|2[0-3]{1})">ReadingDataTime</KeyName>
                </Para>
                <Para>
                    <KeyName Format="([0-9]{1}|[1-9]{1}[0-9]{1})">ReadingDataRetry</KeyName>
                </Para>
            </Paras>
        </Task>
        <Task>
            <PrimaryKey>14,0</PrimaryKey>
            <MainCmd>14</MainCmd>
            <SubCmd>0</SubCmd>
            <Group>0</Group>
            <Name>批量向集中器添加设备编号</Name>
            <Descript>14.批量向集中器添加设备编号</Descript>
            <Paras>
                <Para>
                    <KeyName Format="\d{12}">SourceId</KeyName>
                </Para>
                <Para>
                    <KeyName Format="\d{12}">ConcentratorNo</KeyName>
                </Para>
                <Para>
                    <KeyName Format="\d+">PackageSize</KeyName>
                </Para>
                <Para>
                    <!-- 格式说明：设备编号:设备类型,设备编号:设备类型,... -->
                    <!-- 内容说明：设备编号1:设备类型，设备编号2:设备类型，... -->
                    <KeyName Format="\d{12}:\d+(,\d{12}:\d+)*">DevicesList</KeyName>
                </Para>
            </Paras>
        </Task>
        <Task>
            <PrimaryKey>15,0</PrimaryKey>
            <MainCmd>15</MainCmd>
            <SubCmd>0</SubCmd>
            <Group>0</Group>
            <Name>按包向集中器添加设备编号</Name>
            <Descript>15.按包向集中器添加设备编号</Descript>
            <Paras>
                <Para>
                    <KeyName Format="\d{12}">SourceId</KeyName>
                </Para>
                <Para>
                    <KeyName Format="\d{12}">ConcentratorNo</KeyName>
                </Para>
                <Para>
                    <!-- 格式说明：设备编号:设备类型,设备编号:设备类型1,... -->
                    <!-- 内容说明：设备编号1:设备类型，设备编号2:设备类型，... -->
                    <KeyName Format="\d{12}:\d+(,\d{12}:\d+)*">DevicesList</KeyName>
                </Para>
                <Para>
                    <!-- 最后帧标志(0[否]/1[是]) -->
                    <KeyName Format="[0-1]{1}">LastPackage</KeyName>
                </Para>
            </Paras>
        </Task>
        <Task>
            <PrimaryKey>16,0</PrimaryKey>
            <MainCmd>16</MainCmd>
            <SubCmd>0</SubCmd>
            <Group>0</Group>
            <Name>批量从集中器删除设备编号</Name>
            <Descript>16.批量从集中器删除设备编号</Descript>
            <Paras>
                <Para>
                    <KeyName Format="\d{12}">SourceId</KeyName>
                </Para>
                <Para>
                    <KeyName Format="\d{12}">ConcentratorNo</KeyName>
                </Para>
                <Para>
                    <!-- 格式说明：设备编号,设备编号,... -->
                    <!-- 内容说明：设备编号1，设备编号2，... -->
                    <KeyName Format="\d{12}(,\d{12})*">DevicesList</KeyName>
                </Para>
            </Paras>
        </Task>
        <Task>
            <PrimaryKey>17,0</PrimaryKey>
            <MainCmd>17</MainCmd>
            <SubCmd>0</SubCmd>
            <Group>0</Group>
            <Name>按包读取集中器设备编号列表</Name>
            <Descript>17.按包读取集中器设备编号列表</Descript>
            <Paras>
                <Para>
                    <KeyName Format="\d{12}">SourceId</KeyName>
                </Para>
                <Para>
                    <KeyName Format="\d{12}">ConcentratorNo</KeyName>
                </Para>
                <Para>
                    <KeyName Format="\d+">DeviceType</KeyName>
                </Para>
                <Para>
                    <KeyName Format="\d*">Offset</KeyName>
                </Para>
                <Para>
                    <KeyName Format="\d+">PackageSize</KeyName>
                </Para>
            </Paras>
        </Task>
        <Task>
            <PrimaryKey>18,0</PrimaryKey>
            <MainCmd>18</MainCmd>
            <SubCmd>0</SubCmd>
            <Group>0</Group>
            <Name>修改集中器中设备编号</Name>
            <Descript>18.修改集中器中设备编号</Descript>
            <Paras>
                <Para>
                    <KeyName Format="\d{12}">SourceId</KeyName>
                </Para>
                <Para>
                    <KeyName Format="\d{12}">ConcentratorNo</KeyName>
                </Para>
                <Para>
                    <KeyName Format="\d{12}">OldDeviceNo</KeyName>
                </Para>
                <Para>
                    <KeyName Format="\d{12}">NewDeviceNo</KeyName>
                </Para>
                <Para>
                    <KeyName Format="\d+">DeviceType</KeyName>
                </Para>
            </Paras>
        </Task>
        <Task>
            <PrimaryKey>19,0</PrimaryKey>
            <MainCmd>19</MainCmd>
            <SubCmd>0</SubCmd>
            <Group>0</Group>
            <Name>读取集中器中设备编号数量</Name>
            <Descript>19.读取集中器中设备编号数量</Descript>
            <Paras>
                <Para>
                    <KeyName Format="\d{12}">SourceId</KeyName>
                </Para>
                <Para>
                    <KeyName Format="\d{12}">ConcentratorNo</KeyName>
                </Para>
                <Para>
                    <KeyName Format="\d+">DeviceType</KeyName>
                </Para>
            </Paras>
        </Task>
        <Task>
            <PrimaryKey>20,0</PrimaryKey>
            <MainCmd>20</MainCmd>
            <SubCmd>0</SubCmd>
            <Group>0</Group>
            <Name>批量读取集中器设备编号列表</Name>
            <Descript>20.批量读取集中器设备编号列表</Descript>
            <Paras>
                <Para>
                    <KeyName Format="\d{12}">SourceId</KeyName>
                </Para>
                <Para>
                    <KeyName Format="\d{12}">ConcentratorNo</KeyName>
                </Para>
                <Para>
                    <KeyName Format="\d+">DeviceType</KeyName>
                </Para>
                <Para>
                    <KeyName Format="\d+">PackageSize</KeyName>
                </Para>
            </Paras>
        </Task>
        <Task>
            <PrimaryKey>21,0</PrimaryKey>
            <MainCmd>21</MainCmd>
            <SubCmd>0</SubCmd>
            <Group>0</Group>
            <Name>读取表具路由路径</Name>
            <Descript>21.读取表具路由路径</Descript>
            <Paras>
                <Para>
                    <KeyName Format="\d{12}">SourceId</KeyName>
                </Para>
                <Para>
                    <KeyName Format="\d{12}">ConcentratorNo</KeyName>
                </Para>
                <Para>
                    <KeyName Format="\d{12}">MeterNo</KeyName>
                </Para>
            </Paras>
        </Task>
        <Task>
            <PrimaryKey>22,0</PrimaryKey>
            <MainCmd>22</MainCmd>
            <SubCmd>0</SubCmd>
            <Group>0</Group>
            <Name>设置表具路由路径</Name>
            <Descript>22.设置表具路由路径</Descript>
            <Paras>
                <Para>
                    <KeyName Format="\d{12}">SourceId</KeyName>
                </Para>
                <Para>
                    <KeyName Format="\d{12}">ConcentratorNo</KeyName>
                </Para>
                <Para>
                    <KeyName Format="\d{12}">MeterNo</KeyName>
                </Para>
                <Para>
                    <KeyName Format="(|\d{12}(,\d{12}){0,4}(;\d{12}(,\d{12}){0,4}){0,1})">RoutePath</KeyName>
                </Para>
            </Paras>
        </Task>
        <Task>
            <PrimaryKey>23,0</PrimaryKey>
            <MainCmd>23</MainCmd>
            <SubCmd>0</SubCmd>
            <Group>0</Group>
            <Name>设置集中器远程重启</Name>
            <Descript>23.设置集中器远程重启</Descript>
            <Paras>
                <Para>
                    <KeyName Format="\d{12}">SourceId</KeyName>
                </Para>
                <Para>
                    <KeyName Format="\d{12}">ConcentratorNo</KeyName>
                </Para>
            </Paras>
        </Task>
        <Task>
            <PrimaryKey>24,0</PrimaryKey>
            <MainCmd>24</MainCmd>
            <SubCmd>0</SubCmd>
            <Group>0</Group>
            <Name>批量读取表具路由路径</Name>
            <Descript>24.批量读取表具路由路径</Descript>
            <Paras>
                <Para>
                    <KeyName Format="\d{12}">SourceId</KeyName>
                </Para>
                <Para>
                    <KeyName Format="\d{12}">ConcentratorNo</KeyName>
                </Para>
                <Para>
                    <KeyName Format="\d+">PackageSize</KeyName>
                </Para>
            </Paras>
        </Task>
        <Task>
            <PrimaryKey>25,0</PrimaryKey>
            <MainCmd>25</MainCmd>
            <SubCmd>0</SubCmd>
            <Group>0</Group>
            <Name>批量设置表具路由路径</Name>
            <Descript>25.批量设置表具路由路径</Descript>
            <Paras>
                <Para>
                    <KeyName Format="\d{12}">SourceId</KeyName>
                </Para>
                <Para>
                    <KeyName Format="\d{12}">ConcentratorNo</KeyName>
                </Para>
                <Para>
                    <KeyName Format="\d+">PackageSize</KeyName>
                </Para>
                <Para>
                    <KeyName Format="\d{12}:(|\d{12}(,\d{12}){0,4}(;\d{12}(,\d{12}){0,4}){0,1})(>\d{12}:(|\d{12}(,\d{12}){0,4}(;\d{12}(,\d{12}){0,4}){0,1})){1,}">RoutePathList</KeyName>
                </Para>
            </Paras>
        </Task>
        <Task>
            <PrimaryKey>26,0</PrimaryKey>
            <MainCmd>26</MainCmd>
            <SubCmd>0</SubCmd>
            <Group>0</Group>
            <Name>按包读取表具路由路径</Name>
            <Descript>26.按包读取表具路由路径</Descript>
            <Paras>
                <Para>
                    <KeyName Format="\d{12}">SourceId</KeyName>
                </Para>
                <Para>
                    <KeyName Format="\d{12}">ConcentratorNo</KeyName>
                </Para>
                <Para>
                    <KeyName Format="\d+">Offset</KeyName>
                </Para>
                <Para>
                    <KeyName Format="\d+">PackageSize</KeyName>
                </Para>
            </Paras>
        </Task>
        <Task>
            <PrimaryKey>27,0</PrimaryKey>
            <MainCmd>27</MainCmd>
            <SubCmd>0</SubCmd>
            <Group>0</Group>
            <Name>按包设置表具路由路径</Name>
            <Descript>27.按包设置表具路由路径</Descript>
            <Paras>
                <Para>
                    <KeyName Format="\d{12}">SourceId</KeyName>
                </Para>
                <Para>
                    <KeyName Format="\d{12}">ConcentratorNo</KeyName>
                </Para>
                <Para>
                    <!-- 格式说明：设备编号:路径一;路径二>... -->
                    <KeyName Format="\d{12}:(|\d{12}(,\d{12}){0,4}(;\d{12}(,\d{12}){0,4}){0,1})(>\d{12}:(|\d{12}(,\d{12}){0,4}(;\d{12}(,\d{12}){0,4}){0,1})){1,}">RoutePathList</KeyName>
                </Para>
                <Para>
                    <!-- 最后帧标志(0[否]/1[是]) -->
                    <KeyName Format="[0-1]{1}">LastPackage</KeyName>
                </Para>
            </Paras>
        </Task>
        <Task>
            <PrimaryKey>28,0</PrimaryKey>
            <MainCmd>28</MainCmd>
            <SubCmd>0</SubCmd>
            <Group>0</Group>
            <Name>表具通信数据转发</Name>
            <Descript>28.表具通信数据转发</Descript>
            <Paras>
                <Para>
                    <KeyName Format="\d{12}">SourceId</KeyName>
                </Para>
                <Para>
                    <KeyName Format="\d{12}">ConcentratorNo</KeyName>
                </Para>
                <Para>
                    <KeyName Format="\d{12}">DeviceNo</KeyName>
                </Para>
                <Para>
                    <KeyName Format="[0-9a-fA-F]{2}">Command</KeyName>
                </Para>
                <Para>
                    <KeyName Format="[0-9a-fA-F]{0,}">Data</KeyName>
                </Para>
            </Paras>
        </Task>
        <Task>
            <PrimaryKey>29,0</PrimaryKey>
            <MainCmd>29</MainCmd>
            <SubCmd>0</SubCmd>
            <Group>0</Group>
            <Name>读取集中器中的定量数据</Name>
            <Descript>29.读取集中器中的定量数据</Descript>
            <Paras>
                <Para>
                    <KeyName Format="\d{12}">SourceId</KeyName>
                </Para>
                <Para>
                    <KeyName Format="\d{12}">ConcentratorNo</KeyName>
                </Para>
                <Para>
                    <KeyName Format="\d{12}">DeviceNo</KeyName>
                </Para>
            </Paras>
        </Task>
        <Task>
            <PrimaryKey>30,0</PrimaryKey>
            <MainCmd>30</MainCmd>
            <SubCmd>0</SubCmd>
            <Group>0</Group>
            <Name>读取集中器中的冻结数据</Name>
            <Descript>30.读取集中器中的冻结数据</Descript>
            <Paras>
                <Para>
                    <KeyName Format="\d{12}">SourceId</KeyName>
                </Para>
                <Para>
                    <KeyName Format="\d{12}">ConcentratorNo</KeyName>
                </Para>
                <Para>
                    <KeyName Format="\d{12}">DeviceNo</KeyName>
                </Para>
            </Paras>
        </Task>
        <Task>
            <PrimaryKey>31,0</PrimaryKey>
            <MainCmd>31</MainCmd>
            <SubCmd>0</SubCmd>
            <Group>0</Group>
            <Name>读取集中器中的定量数据返回对象</Name>
            <Descript>31.读取集中器中的定量数据返回对象</Descript>
            <Paras>
                <Para>
                    <KeyName Format="\d{12}">SourceId</KeyName>
                </Para>
                <Para>
                    <KeyName Format="\d{12}">ConcentratorNo</KeyName>
                </Para>
                <Para>
                    <KeyName Format="\d{12}">DeviceNo</KeyName>
                </Para>
            </Paras>
        </Task>
        <Task>
            <PrimaryKey>32,0</PrimaryKey>
            <MainCmd>32</MainCmd>
            <SubCmd>0</SubCmd>
            <Group>0</Group>
            <Name>读取集中器中的冻结数据返回对象</Name>
            <Descript>32.读取集中器中的冻结数据返回对象</Descript>
            <Paras>
                <Para>
                    <KeyName Format="\d{12}">SourceId</KeyName>
                </Para>
                <Para>
                    <KeyName Format="\d{12}">ConcentratorNo</KeyName>
                </Para>
                <Para>
                    <KeyName Format="\d{12}">DeviceNo</KeyName>
                </Para>
            </Paras>
        </Task>
        <Task>
            <PrimaryKey>33,0</PrimaryKey>
            <MainCmd>33</MainCmd>
            <SubCmd>0</SubCmd>
            <Group>0</Group>
            <Name>批量读取集中器中的定量数据</Name>
            <Descript>33.批量读取集中器中的定量数据</Descript>
            <Paras>
                <Para>
                    <KeyName Format="\d{12}">SourceId</KeyName>
                </Para>
                <Para>
                    <KeyName Format="\d{12}">ConcentratorNo</KeyName>
                </Para>
                <Para>
                    <KeyName Format="\d+">PackageSize</KeyName>
                </Para>
            </Paras>
        </Task>
        <Task>
            <PrimaryKey>34,0</PrimaryKey>
            <MainCmd>34</MainCmd>
            <SubCmd>0</SubCmd>
            <Group>0</Group>
            <Name>批量读取集中器中的冻结数据</Name>
            <Descript>34.批量读取集中器中的冻结数据</Descript>
            <Paras>
                <Para>
                    <KeyName Format="\d{12}">SourceId</KeyName>
                </Para>
                <Para>
                    <KeyName Format="\d{12}">ConcentratorNo</KeyName>
                </Para>
                <Para>
                    <KeyName Format="\d+">PackageSize</KeyName>
                </Para>
            </Paras>
        </Task>
        <Task>
            <PrimaryKey>35,0</PrimaryKey>
            <MainCmd>35</MainCmd>
            <SubCmd>0</SubCmd>
            <Group>0</Group>
            <Name>按包读取集中器中的定量数据</Name>
            <Descript>35.按包读取集中器中的定量数据</Descript>
            <Paras>
                <Para>
                    <KeyName Format="\d{12}">SourceId</KeyName>
                </Para>
                <Para>
                    <KeyName Format="\d{12}">ConcentratorNo</KeyName>
                </Para>
                <Para>
                    <KeyName Format="\d+">Offset</KeyName>
                </Para>
                <Para>
                    <KeyName Format="\d+">PackageSize</KeyName>
                </Para>
            </Paras>
        </Task>
        <Task>
            <PrimaryKey>36,0</PrimaryKey>
            <MainCmd>36</MainCmd>
            <SubCmd>0</SubCmd>
            <Group>0</Group>
            <Name>按包读取集中器中的冻结数据</Name>
            <Descript>36.按包读取集中器中的冻结数据</Descript>
            <Paras>
                <Para>
                    <KeyName Format="\d{12}">SourceId</KeyName>
                </Para>
                <Para>
                    <KeyName Format="\d{12}">ConcentratorNo</KeyName>
                </Para>
                <Para>
                    <KeyName Format="\d+">Offset</KeyName>
                </Para>
                <Para>
                    <KeyName Format="\d+">PackageSize</KeyName>
                </Para>
            </Paras>
        </Task>
        <Task>
            <PrimaryKey>37,0</PrimaryKey>
            <MainCmd>37</MainCmd>
            <SubCmd>0</SubCmd>
            <Group>0</Group>
            <Name>读取表具实时数据</Name>
            <Descript>37.读取表具实时数据</Descript>
            <Paras>
                <Para>
                    <KeyName Format="\d{12}">SourceId</KeyName>
                </Para>
                <Para>
                    <KeyName Format="\d{12}">ConcentratorNo</KeyName>
                </Para>
                <Para>
                    <KeyName Format="\d{12}">DeviceNo</KeyName>
                </Para>
                <Para>
                    <!-- 格式说明：yyyyMMddHHmmss -->
                    <!-- 内容说明：年月日时分秒 -->
                    <KeyName Format="(|\d{14})">ClockTime</KeyName>
                </Para>
                <Para>
                    <KeyName Format="\d+">SurplusValue</KeyName>
                </Para>
                <Para>
                    <KeyName Format="\d+">LastValue</KeyName>
                </Para>
            </Paras>
        </Task>
        <Task>
            <PrimaryKey>38,0</PrimaryKey>
            <MainCmd>38</MainCmd>
            <SubCmd>0</SubCmd>
            <Group>0</Group>
            <Name>读取表具实时数据返回对象</Name>
            <Descript>38.读取表具实时数据返回对象</Descript>
            <Paras>
                <Para>
                    <KeyName Format="\d{12}">SourceId</KeyName>
                </Para>
                <Para>
                    <KeyName Format="\d{12}">ConcentratorNo</KeyName>
                </Para>
                <Para>
                    <KeyName Format="\d{12}">DeviceNo</KeyName>
                </Para>
                <Para>
                    <!-- 格式说明：yyyyMMddHHmmss -->
                    <!-- 内容说明：年月日时分秒 -->
                    <KeyName Format="(|\d{14})">ClockTime</KeyName>
                </Para>
                <Para>
                    <KeyName Format="\d+">SurplusValue</KeyName>
                </Para>
                <Para>
                    <KeyName Format="\d+">LastValue</KeyName>
                </Para>
            </Paras>
        </Task>
        <Task>
            <PrimaryKey>39,0</PrimaryKey>
            <MainCmd>39</MainCmd>
            <SubCmd>0</SubCmd>
            <Group>0</Group>
            <Name>表具开阀</Name>
            <Descript>39.表具开阀</Descript>
            <Paras>
                <Para>
                    <KeyName Format="\d{12}">SourceId</KeyName>
                </Para>
                <Para>
                    <KeyName Format="\d{12}">ConcentratorNo</KeyName>
                </Para>
                <Para>
                    <KeyName Format="\d{12}">DeviceNo</KeyName>
                </Para>
                <Para>
                    <KeyName Format="[0-1]{1}">Force</KeyName>
                </Para>
            </Paras>
        </Task>
        <Task>
            <PrimaryKey>40,0</PrimaryKey>
            <MainCmd>40</MainCmd>
            <SubCmd>0</SubCmd>
            <Group>0</Group>
            <Name>表具关阀</Name>
            <Descript>40.表具关阀</Descript>
            <Paras>
                <Para>
                    <KeyName Format="\d{12}">SourceId</KeyName>
                </Para>
                <Para>
                    <KeyName Format="\d{12}">ConcentratorNo</KeyName>
                </Para>
                <Para>
                    <KeyName Format="\d{12}">DeviceNo</KeyName>
                </Para>
                <Para>
                    <KeyName Format="[0-1]{1}">Force</KeyName>
                </Para>
            </Paras>
        </Task>
        <Task>
            <PrimaryKey>41,0</PrimaryKey>
            <MainCmd>41</MainCmd>
            <SubCmd>0</SubCmd>
            <Group>0</Group>
            <Name>清除表具报警信息</Name>
            <Descript>41.清除表具报警信息</Descript>
            <Paras>
                <Para>
                    <KeyName Format="\d{12}">SourceId</KeyName>
                </Para>
                <Para>
                    <KeyName Format="\d{12}">ConcentratorNo</KeyName>
                </Para>
                <Para>
                    <KeyName Format="\d{12}">DeviceNo</KeyName>
                </Para>
            </Paras>
        </Task>
        <Task>
            <PrimaryKey>42,0</PrimaryKey>
            <MainCmd>42</MainCmd>
            <SubCmd>0</SubCmd>
            <Group>0</Group>
            <Name>控制表具定时定量上传功能</Name>
            <Descript>42.控制表具定时定量上传功能</Descript>
            <Paras>
                <Para>
                    <KeyName Format="\d{12}">SourceId</KeyName>
                </Para>
                <Para>
                    <KeyName Format="\d{12}">ConcentratorNo</KeyName>
                </Para>
                <Para>
                    <KeyName Format="\d{12}">DeviceNo</KeyName>
                </Para>
                <Para>
                    <!-- 1：开启主动上传功能；0：禁用主动上传功能；2：忽略；-->
                    <KeyName Format="[0-1]{1}">OnOff</KeyName>
                </Para>
            </Paras>
        </Task>
        <Task>
            <PrimaryKey>43,0</PrimaryKey>
            <MainCmd>43</MainCmd>
            <SubCmd>0</SubCmd>
            <Group>0</Group>
            <Name>读取表具冻结正转数据</Name>
            <Descript>43.读取表具冻结正转数据</Descript>
            <Paras>
                <Para>
                    <KeyName Format="\d{12}">SourceId</KeyName>
                </Para>
                <Para>
                    <KeyName Format="\d{12}">ConcentratorNo</KeyName>
                </Para>
                <Para>
                    <KeyName Format="\d{12}">DeviceNo</KeyName>
                </Para>
                <Para>
                    <KeyName Format="[0-6]{1}">DataIndex</KeyName>
                </Para>
                <Para>
                    <KeyName Format="\d{14}">SynClock</KeyName>
                </Para>
            </Paras>
        </Task>
        <Task>
            <PrimaryKey>44,0</PrimaryKey>
            <MainCmd>44</MainCmd>
            <SubCmd>0</SubCmd>
            <Group>0</Group>
            <Name>读取表具冻结正转数据返回对象</Name>
            <Descript>44.读取表具冻结正转数据返回对象</Descript>
            <Paras>
                <Para>
                    <KeyName Format="\d{12}">SourceId</KeyName>
                </Para>
                <Para>
                    <KeyName Format="\d{12}">ConcentratorNo</KeyName>
                </Para>
                <Para>
                    <KeyName Format="\d{12}">DeviceNo</KeyName>
                </Para>
                <Para>
                    <KeyName Format="[0-6]{1}">DataIndex</KeyName>
                </Para>
                <Para>
                    <KeyName Format="\d{14}">SynClock</KeyName>
                </Para>
            </Paras>
        </Task>
        <Task>
            <PrimaryKey>45,0</PrimaryKey>
            <MainCmd>45</MainCmd>
            <SubCmd>0</SubCmd>
            <Group>0</Group>
            <Name>读取表具冻结反转数据</Name>
            <Descript>45.读取表具冻结反转数据</Descript>
            <Paras>
                <Para>
                    <KeyName Format="\d{12}">SourceId</KeyName>
                </Para>
                <Para>
                    <KeyName Format="\d{12}">ConcentratorNo</KeyName>
                </Para>
                <Para>
                    <KeyName Format="\d{12}">DeviceNo</KeyName>
                </Para>
                <Para>
                    <KeyName Format="[0-6]{1}">DataIndex</KeyName>
                </Para>
                <Para>
                    <KeyName Format="\d{14}">SynClock</KeyName>
                </Para>
            </Paras>
        </Task>
        <Task>
            <PrimaryKey>46,0</PrimaryKey>
            <MainCmd>46</MainCmd>
            <SubCmd>0</SubCmd>
            <Group>0</Group>
            <Name>读取表具冻结反转数据返回对象</Name>
            <Descript>46.读取表具冻结反转数据返回对象</Descript>
            <Paras>
                <Para>
                    <KeyName Format="\d{12}">SourceId</KeyName>
                </Para>
                <Para>
                    <KeyName Format="\d{12}">ConcentratorNo</KeyName>
                </Para>
                <Para>
                    <KeyName Format="\d{12}">DeviceNo</KeyName>
                </Para>
                <Para>
                    <KeyName Format="[0-6]{1}">DataIndex</KeyName>
                </Para>
                <Para>
                    <KeyName Format="\d{14}">SynClock</KeyName>
                </Para>
            </Paras>
        </Task>
        <Task>
            <PrimaryKey>47,0</PrimaryKey>
            <MainCmd>47</MainCmd>
            <SubCmd>0</SubCmd>
            <Group>0</Group>
            <Name>读取表具DEBUG信息</Name>
            <Descript>47.读取表具DEBUG信息</Descript>
            <Paras>
                <Para>
                    <KeyName Format="\d{12}">SourceId</KeyName>
                </Para>
                <Para>
                    <KeyName Format="\d{12}">ConcentratorNo</KeyName>
                </Para>
                <Para>
                    <KeyName Format="\d{12}">DeviceNo</KeyName>
                </Para>
            </Paras>
        </Task>

        <Task>
            <PrimaryKey>98,0</PrimaryKey>
            <MainCmd>98</MainCmd>
            <SubCmd>0</SubCmd>
            <Group>0</Group>
            <Name>读取集中器电压</Name>
            <Descript>98.读取集中器电压</Descript>
            <Paras>
                <Para>
                    <KeyName Format="\d{12}">SourceId</KeyName>
                </Para>
                <Para>
                    <KeyName Format="\d{12}">ConcentratorNo</KeyName>
                </Para>
            </Paras>
        </Task>
        <Task>
            <PrimaryKey>99,0</PrimaryKey>
            <MainCmd>99</MainCmd>
            <SubCmd>0</SubCmd>
            <Group>0</Group>
            <Name>集中器程序升级（命令字0x7F）</Name>
            <Descript>集中器程序升级（命令字0x7F）</Descript>
            <Paras>
                <Para>
                    <KeyName Format="\d{12}">SourceId</KeyName>
                </Para>
                <Para>
                    <KeyName Format="\d{12}">ConcentratorNo</KeyName>
                </Para>
                <Para>
                    <KeyName Format="[a-fA-F0-9]{4}">FileCrc</KeyName>
                </Para>
                <Para>
                    <KeyName Format="\d+">Offset</KeyName>
                </Para>
                <Para>
                    <KeyName Format="\d+">FileSize</KeyName>
                </Para>
            </Paras>
        </Task>

        <Task>
            <PrimaryKey>100,501</PrimaryKey>
            <MainCmd>100</MainCmd>
            <SubCmd>501</SubCmd>
            <Group>0</Group>
            <Name>表具直接通信：读取表具计量信息</Name>
            <Descript>100.表具直接通信：501.读取表具计量信息</Descript>
            <Paras>
                <Para>
                    <KeyName Format="\d{12}">SourceId</KeyName>
                </Para>
                <Para>
                    <KeyName Format="\d{12}">TargetId</KeyName>
                </Para>
                <Para>
                    <KeyName Format="(|\d{12}(,\d{12})*)">RoutePath</KeyName>
                </Para>
                <Para>
                    <!-- 格式说明：yyyyMMddHHmmss -->
                    <!-- 内容说明：年月日时分秒 -->
                    <KeyName Format="(|\d{14})">ClockTime</KeyName>
                </Para>
                <Para>
                    <KeyName Format="(|\d+)">SurplusValue</KeyName>
                </Para>
                <Para>
                    <KeyName Format="(|\d+)">LastValue</KeyName>
                </Para>
                <Para>
                    <KeyName Format="(|\d{1,2})">TimeInterval</KeyName>
                </Para>
                <Para>
                    <KeyName Format="(|\d{1,4})">DeviceTotal</KeyName>
                </Para>
                <Para>
                    <KeyName Format="(|[0-9a-fA-F]{2})">Command</KeyName>
                </Para>
                <Para>
                    <KeyName Format="(|\d+(.\d{1,2})?)">Price</KeyName>
                </Para>
            </Paras>
        </Task>
        <Task>
            <PrimaryKey>100,502</PrimaryKey>
            <MainCmd>100</MainCmd>
            <SubCmd>502</SubCmd>
            <Group>0</Group>
            <Name>表具直接通信：表具开阀</Name>
            <Descript>100.表具直接通信：502.表具开阀</Descript>
            <Paras>
                <Para>
                    <KeyName Format="\d{12}">SourceId</KeyName>
                </Para>
                <Para>
                    <KeyName Format="\d{12}">TargetId</KeyName>
                </Para>
                <Para>
                    <KeyName Format="(|\d{12}(,\d{12})*)">RoutePath</KeyName>
                </Para>
                <Para>
                    <KeyName Format="[0-1]{1}">ForceFlag</KeyName>
                </Para>
            </Paras>
        </Task>
        <Task>
            <PrimaryKey>100,503</PrimaryKey>
            <MainCmd>100</MainCmd>
            <SubCmd>503</SubCmd>
            <Group>0</Group>
            <Name>表具直接通信：表具关阀</Name>
            <Descript>100.表具直接通信：503.表具关阀</Descript>
            <Paras>
                <Para>
                    <KeyName Format="\d{12}">SourceId</KeyName>
                </Para>
                <Para>
                    <KeyName Format="\d{12}">TargetId</KeyName>
                </Para>
                <Para>
                    <KeyName Format="(|\d{12}(,\d{12})*)">RoutePath</KeyName>
                </Para>
                <Para>
                    <KeyName Format="[0-1]{1}">ForceFlag</KeyName>
                </Para>
            </Paras>
        </Task>
        <Task>
            <PrimaryKey>100,504</PrimaryKey>
            <MainCmd>100</MainCmd>
            <SubCmd>504</SubCmd>
            <Group>0</Group>
            <Name>表具直接通信：清除表具报警状态</Name>
            <Descript>100.表具直接通信：504.清除表具报警状态</Descript>
            <Paras>
                <Para>
                    <KeyName Format="\d{12}">SourceId</KeyName>
                </Para>
                <Para>
                    <KeyName Format="\d{12}">TargetId</KeyName>
                </Para>
                <Para>
                    <KeyName Format="(|\d{12}(,\d{12})*)">RoutePath</KeyName>
                </Para>
            </Paras>
        </Task>
        <Task>
            <PrimaryKey>100,505</PrimaryKey>
            <MainCmd>100</MainCmd>
            <SubCmd>505</SubCmd>
            <Group>0</Group>
            <Name>表具直接通信：设置用量及脉冲系数</Name>
            <Descript>100.表具直接通信：505.设置用量及脉冲系数</Descript>
            <Paras>
                <Para>
                    <KeyName Format="\d{12}">SourceId</KeyName>
                </Para>
                <Para>
                    <KeyName Format="\d{12}">TargetId</KeyName>
                </Para>
                <Para>
                    <KeyName Format="(|\d{12}(,\d{12})*)">RoutePath</KeyName>
                </Para>
                <Para>
                    <KeyName Format="\d+(.\d{1,3})?">InitValue</KeyName>
                </Para>
                <Para>
                    <KeyName Format="\d+">PulseConstant</KeyName>
                </Para>
            </Paras>
        </Task>
        <Task>
            <PrimaryKey>100,506</PrimaryKey>
            <MainCmd>100</MainCmd>
            <SubCmd>506</SubCmd>
            <Group>0</Group>
            <Name>表具直接通信：读取表端参数信息</Name>
            <Descript>100.表具直接通信：506.读取表端参数信息</Descript>
            <Paras>
                <Para>
                    <KeyName Format="\d{12}">SourceId</KeyName>
                </Para>
                <Para>
                    <KeyName Format="\d{12}">TargetId</KeyName>
                </Para>
                <Para>
                    <KeyName Format="(|\d{12}(,\d{12})*)">RoutePath</KeyName>
                </Para>
            </Paras>
        </Task>
        <Task>
            <PrimaryKey>100,507</PrimaryKey>
            <MainCmd>100</MainCmd>
            <SubCmd>507</SubCmd>
            <Group>0</Group>
            <Name>表具直接通信：读取表端功能状态</Name>
            <Descript>100.表具直接通信：507.读取表端功能状态</Descript>
            <Paras>
                <Para>
                    <KeyName Format="\d{12}">SourceId</KeyName>
                </Para>
                <Para>
                    <KeyName Format="\d{12}">TargetId</KeyName>
                </Para>
                <Para>
                    <KeyName Format="(|\d{12}(,\d{12})*)">RoutePath</KeyName>
                </Para>
            </Paras>
        </Task>
        <Task>
            <PrimaryKey>100,508</PrimaryKey>
            <MainCmd>100</MainCmd>
            <SubCmd>508</SubCmd>
            <Group>0</Group>
            <Name>表具直接通信：设置表端功能状态</Name>
            <Descript>100.表具直接通信：508.设置表端功能状态</Descript>
            <Paras>
                <Para>
                    <KeyName Format="\d{12}">SourceId</KeyName>
                </Para>
                <Para>
                    <KeyName Format="\d{12}">TargetId</KeyName>
                </Para>
                <Para>
                    <KeyName Format="(|\d{12}(,\d{12})*)">RoutePath</KeyName>
                </Para>
                <Para>
                    <KeyName Format="[0-2]{16}">FunctionBits</KeyName>
                </Para>
            </Paras>
        </Task>
        <Task>
            <PrimaryKey>100,509</PrimaryKey>
            <MainCmd>100</MainCmd>
            <SubCmd>509</SubCmd>
            <Group>0</Group>
            <Name>表具直接通信：读取表端工作参数</Name>
            <Descript>100.表具直接通信：509.读取表端工作参数</Descript>
            <Paras>
                <Para>
                    <KeyName Format="(\d{12}|\d{14}|\d{16})">SourceId</KeyName>
                </Para>
                <Para>
                    <KeyName Format="((\d|[a-f]|[A-F]){12}|(\d|[a-f]|[A-F]){14}|(\d|[a-f]|[A-F]){16})">TargetId</KeyName>
                </Para>
            </Paras>
        </Task>
        <Task>
            <PrimaryKey>100,510</PrimaryKey>
            <MainCmd>100</MainCmd>
            <SubCmd>510</SubCmd>
            <Group>0</Group>
            <Name>表具直接通信：设置表端工作参数</Name>
            <Descript>100.表具直接通信：510.设置表端工作参数</Descript>
            <Paras>
                <Para>
                    <KeyName Format="(\d{12}|\d{14}|\d{16})">SourceId</KeyName>
                </Para>
                <Para>
                    <KeyName Format="(\d{12}|\d{14}|\d{16})">TargetId</KeyName>
                </Para>
                <Para>
                    <KeyName Format="*">WorkParameters</KeyName>
                </Para>
            </Paras>
        </Task>
        <Task>
            <PrimaryKey>100,511</PrimaryKey>
            <MainCmd>100</MainCmd>
            <SubCmd>511</SubCmd>
            <Group>0</Group>
            <Name>表具直接通信：读取表具正向冻结数据</Name>
            <Descript>100.表具直接通信：511.读取表具正向冻结数据</Descript>
            <Paras>
                <Para>
                    <KeyName Format="\d{12}">SourceId</KeyName>
                </Para>
                <Para>
                    <KeyName Format="\d{12}">TargetId</KeyName>
                </Para>
                <Para>
                    <KeyName Format="(|\d{12}(,\d{12}){0,4})">RoutePath</KeyName>
                </Para>
                <Para>
                    <!-- 格式说明：yyyyMMddHHmmss -->
                    <!-- 内容说明：年月日时分秒 -->
                    <KeyName Format="\d{14}">ClockTime</KeyName>
                </Para>
                <Para>
                    <KeyName Format="\d+">PackageIndex</KeyName>
                </Para>
            </Paras>
        </Task>
        <Task>
            <PrimaryKey>100,512</PrimaryKey>
            <MainCmd>100</MainCmd>
            <SubCmd>512</SubCmd>
            <Group>0</Group>
            <Name>表具直接通信：读取表具反向冻结数据</Name>
            <Descript>100.表具直接通信：512.读取表具反向冻结数据</Descript>
            <Paras>
                <Para>
                    <KeyName Format="\d{12}">SourceId</KeyName>
                </Para>
                <Para>
                    <KeyName Format="\d{12}">TargetId</KeyName>
                </Para>
                <Para>
                    <KeyName Format="(|\d{12}(,\d{12}){0,4})">RoutePath</KeyName>
                </Para>
                <Para>
                    <!-- 格式说明：yyyyMMddHHmmss -->
                    <!-- 内容说明：年月日时分秒 -->
                    <KeyName Format="\d{14}">ClockTime</KeyName>
                </Para>
                <Para>
                    <KeyName Format="\d+">PackageIndex</KeyName>
                </Para>
            </Paras>
        </Task>
        <Task>
            <PrimaryKey>100,513</PrimaryKey>
            <MainCmd>100</MainCmd>
            <SubCmd>513</SubCmd>
            <Group>0</Group>
            <Name>表具直接通信：读取表具计量信息(数据对象)</Name>
            <Descript>100.表具直接通信：513.读取表具计量信息(数据对象)</Descript>
            <Paras>
                <Para>
                    <KeyName Format="(\d{12}|\d{14}|\d{16})">SourceId</KeyName>
                </Para>
                <Para>
                    <KeyName Format="(\d{12}|\d{14}|\d{16})">TargetId</KeyName>
                </Para>
                <Para>
                    <KeyName Format="(|\d{12}(,\d{12})*)">RoutePath</KeyName>
                </Para>
                <Para>
                    <!-- 格式说明：yyyyMMddHHmmss -->
                    <!-- 内容说明：年月日时分秒 -->
                    <KeyName Format="(|\d{14})">ClockTime</KeyName>
                </Para>
                <Para>
                    <KeyName Format="(|\d+)">SurplusValue</KeyName>
                </Para>
                <Para>
                    <KeyName Format="(|\d+)">LastValue</KeyName>
                </Para>
                <Para>
                    <KeyName Format="(|\d{1,2})">TimeInterval</KeyName>
                </Para>
                <Para>
                    <KeyName Format="(|\d{1,4})">DeviceTotal</KeyName>
                </Para>
                <Para>
                    <KeyName Format="(|[0-9a-fA-F]{2})">Command</KeyName>
                </Para>
                <Para>
                    <KeyName Format="(|\d+(.\d{1,2})?)">Price</KeyName>
                </Para>
                <Para>
                    <KeyName Format="(|\d{0,3})">MeterProgramVer</KeyName>
                </Para>
            </Paras>
        </Task>
        <Task>
            <PrimaryKey>100,514</PrimaryKey>
            <MainCmd>100</MainCmd>
            <SubCmd>514</SubCmd>
            <Group>0</Group>
            <Name>表具直接通信：读取表具正向冻结数据(数据对象)</Name>
            <Descript>100.表具直接通信：514.读取表具正向冻结数据(数据对象)</Descript>
            <Paras>
                <Para>
                    <KeyName Format="\d{12}">SourceId</KeyName>
                </Para>
                <Para>
                    <KeyName Format="\d{12}">TargetId</KeyName>
                </Para>
                <Para>
                    <KeyName Format="(|\d{12}(,\d{12}){0,4})">RoutePath</KeyName>
                </Para>
                <Para>
                    <!-- 格式说明：yyyyMMddHHmmss -->
                    <!-- 内容说明：年月日时分秒 -->
                    <KeyName Format="\d{14}">ClockTime</KeyName>
                </Para>
                <Para>
                    <KeyName Format="\d+">PackageIndex</KeyName>
                </Para>
            </Paras>
        </Task>
        <Task>
            <PrimaryKey>100,515</PrimaryKey>
            <MainCmd>100</MainCmd>
            <SubCmd>515</SubCmd>
            <Group>0</Group>
            <Name>表具直接通信：读取表具反向冻结数据(数据对象)</Name>
            <Descript>100.表具直接通信：515.读取表具反向冻结数据(数据对象)</Descript>
            <Paras>
                <Para>
                    <KeyName Format="\d{12}">SourceId</KeyName>
                </Para>
                <Para>
                    <KeyName Format="\d{12}">TargetId</KeyName>
                </Para>
                <Para>
                    <KeyName Format="(|\d{12}(,\d{12}){0,4})">RoutePath</KeyName>
                </Para>
                <Para>
                    <!-- 格式说明：yyyyMMddHHmmss -->
                    <!-- 内容说明：年月日时分秒 -->
                    <KeyName Format="\d{14}">ClockTime</KeyName>
                </Para>
                <Para>
                    <KeyName Format="\d+">PackageIndex</KeyName>
                </Para>
            </Paras>
        </Task>
        <Task>
            <PrimaryKey>100,516</PrimaryKey>
            <MainCmd>100</MainCmd>
            <SubCmd>516</SubCmd>
            <Group>0</Group>
            <Name>表具直接通信：读取Debug信息</Name>
            <Descript>100.表具直接通信：516.读取Debug信息</Descript>
            <Paras>
                <Para>
                    <KeyName Format="\d{12}">SourceId</KeyName>
                </Para>
                <Para>
                    <KeyName Format="\d{12}">TargetId</KeyName>
                </Para>
                <Para>
                    <KeyName Format="(|\d{12}(,\d{12}){0,4})">RoutePath</KeyName>
                </Para>
            </Paras>
        </Task>
        <Task>
            <PrimaryKey>100,517</PrimaryKey>
            <MainCmd>100</MainCmd>
            <SubCmd>517</SubCmd>
            <Group>0</Group>
            <Name>表具直接通信：清除Debug信息</Name>
            <Descript>100.表具直接通信：517.清除Debug信息</Descript>
            <Paras>
                <Para>
                    <KeyName Format="\d{12}">SourceId</KeyName>
                </Para>
                <Para>
                    <KeyName Format="\d{12}">TargetId</KeyName>
                </Para>
                <Para>
                    <KeyName Format="(|\d{12}(,\d{12}){0,4})">RoutePath</KeyName>
                </Para>
            </Paras>
        </Task>
        <Task>
            <PrimaryKey>100,518</PrimaryKey>
            <MainCmd>100</MainCmd>
            <SubCmd>518</SubCmd>
            <Group>0</Group>
            <Name>表具直接通信：发射功率测试</Name>
            <Descript>100.表具直接通信：518.发射功率测试</Descript>
            <Paras>
                <Para>
                    <KeyName Format="\d{12}">SourceId</KeyName>
                </Para>
                <Para>
                    <KeyName Format="\d{12}">TargetId</KeyName>
                </Para>
                <Para>
                    <KeyName Format="(|\d{12}(,\d{12}){0,4})">RoutePath</KeyName>
                </Para>
            </Paras>
        </Task>
        <Task>
            <PrimaryKey>100,519</PrimaryKey>
            <MainCmd>100</MainCmd>
            <SubCmd>519</SubCmd>
            <Group>0</Group>
            <Name>表具直接通信：表端重启</Name>
            <Descript>100.表具直接通信：519.表端重启</Descript>
            <Paras>
                <Para>
                    <KeyName Format="\d{12}">SourceId</KeyName>
                </Para>
                <Para>
                    <KeyName Format="\d{12}">TargetId</KeyName>
                </Para>
                <Para>
                    <KeyName Format="(|\d{12}(,\d{12}){0,4})">RoutePath</KeyName>
                </Para>
            </Paras>
        </Task>
        <Task>
            <PrimaryKey>100,520</PrimaryKey>
            <MainCmd>100</MainCmd>
            <SubCmd>520</SubCmd>
            <Group>0</Group>
            <Name>表具直接通信：读取实时温度</Name>
            <Descript>100.表具直接通信：520.读取实时温度</Descript>
            <Paras>
                <Para>
                    <KeyName Format="\d{12}">SourceId</KeyName>
                </Para>
                <Para>
                    <KeyName Format="\d{12}">TargetId</KeyName>
                </Para>
                <Para>
                    <KeyName Format="(|\d{12}(,\d{12}){0,4})">RoutePath</KeyName>
                </Para>
            </Paras>
        </Task>
        <Task>
            <PrimaryKey>100,521</PrimaryKey>
            <MainCmd>100</MainCmd>
            <SubCmd>521</SubCmd>
            <Group>0</Group>
            <Name>表具直接通信：读取实时电压</Name>
            <Descript>100.表具直接通信：521.读取实时电压</Descript>
            <Paras>
                <Para>
                    <KeyName Format="\d{12}">SourceId</KeyName>
                </Para>
                <Para>
                    <KeyName Format="\d{12}">TargetId</KeyName>
                </Para>
                <Para>
                    <KeyName Format="(|\d{12}(,\d{12}){0,4})">RoutePath</KeyName>
                </Para>
            </Paras>
        </Task>
        <Task>
            <PrimaryKey>100,522</PrimaryKey>
            <MainCmd>100</MainCmd>
            <SubCmd>522</SubCmd>
            <Group>0</Group>
            <Name>表具直接通信：清除所有计量数据</Name>
            <Descript>100.表具直接通信：522.清除下发的预缴数据</Descript>
            <Paras>
                <Para>
                    <KeyName Format="\d{12}">SourceId</KeyName>
                </Para>
                <Para>
                    <KeyName Format="\d{12}">TargetId</KeyName>
                </Para>
                <Para>
                    <KeyName Format="(|\d{12}(,\d{12}){0,4})">RoutePath</KeyName>
                </Para>
            </Paras>
        </Task>
        <Task>
            <PrimaryKey>100,523</PrimaryKey>
            <MainCmd>100</MainCmd>
            <SubCmd>523</SubCmd>
            <Group>0</Group>
            <Name>表具直接通信：设置阀控过流阀值和超时时间</Name>
            <Descript>100.表具直接通信：523.设置阀控过流阀值和超时时间</Descript>
            <Paras>
                <Para>
                    <KeyName Format="\d{12}">SourceId</KeyName>
                </Para>
                <Para>
                    <KeyName Format="\d{12}">TargetId</KeyName>
                </Para>
                <Para>
                    <KeyName Format="(|\d{12}(,\d{12}){0,4})">RoutePath</KeyName>
                </Para>
                <Para>
                    <KeyName Format="\d+">OverCurrent</KeyName>
                </Para>
                <Para>
                    <KeyName Format="\d+">OverTime</KeyName>
                </Para>
            </Paras>
        </Task>
        <Task>
            <PrimaryKey>100,524</PrimaryKey>
            <MainCmd>100</MainCmd>
            <SubCmd>524</SubCmd>
            <Group>0</Group>
            <Name>表具直接通信：读取运行商编号</Name>
            <Descript>100.表具直接通信：524.读取运行商编号</Descript>
            <Paras>
                <Para>
                    <KeyName Format="\d{12}">SourceId</KeyName>
                </Para>
                <Para>
                    <KeyName Format="\d{12}">TargetId</KeyName>
                </Para>
                <Para>
                    <KeyName Format="(|\d{12}(,\d{12}){0,4})">RoutePath</KeyName>
                </Para>
            </Paras>
        </Task>
        <Task>
            <PrimaryKey>100,525</PrimaryKey>
            <MainCmd>100</MainCmd>
            <SubCmd>525</SubCmd>
            <Group>0</Group>
            <Name>表具直接通信：清除入网标志</Name>
            <Descript>100.表具直接通信：525.清除入网标志</Descript>
            <Paras>
                <Para>
                    <KeyName Format="\d{12}">SourceId</KeyName>
                </Para>
                <Para>
                    <KeyName Format="\d{12}">TargetId</KeyName>
                </Para>
                <Para>
                    <KeyName Format="(|\d{12}(,\d{12}){0,4})">RoutePath</KeyName>
                </Para>
            </Paras>
        </Task>
        <Task>
            <PrimaryKey>100,526</PrimaryKey>
            <MainCmd>100</MainCmd>
            <SubCmd>526</SubCmd>
            <Group>0</Group>
            <Name>表具直接通信：LED屏测试</Name>
            <Descript>100.表具直接通信：526.LED屏测试</Descript>
            <Paras>
                <Para>
                    <KeyName Format="\d{12}">SourceId</KeyName>
                </Para>
                <Para>
                    <KeyName Format="\d{12}">TargetId</KeyName>
                </Para>
                <Para>
                    <KeyName Format="(|\d{12}(,\d{12}){0,4})">RoutePath</KeyName>
                </Para>
            </Paras>
        </Task>
        <Task>
            <PrimaryKey>100,527</PrimaryKey>
            <MainCmd>100</MainCmd>
            <SubCmd>527</SubCmd>
            <Group>0</Group>
            <Name>表具直接通信：设置流速控制</Name>
            <Descript>100.表具直接通信：527.设置流速控制</Descript>
            <Paras>
                <Para>
                    <KeyName Format="\d{12}">SourceId</KeyName>
                </Para>
                <Para>
                    <KeyName Format="\d{12}">TargetId</KeyName>
                </Para>
                <Para>
                    <KeyName Format="(|\d{12}(,\d{12}){0,4})">RoutePath</KeyName>
                </Para>
                <Para>
                    <KeyName Format="\d+">MaxValue</KeyName>
                </Para>
                <Para>
                    <KeyName Format="\d+">MinValue</KeyName>
                </Para>
            </Paras>
        </Task>
        <Task>
            <PrimaryKey>100,528</PrimaryKey>
            <MainCmd>100</MainCmd>
            <SubCmd>528</SubCmd>
            <Group>0</Group>
            <Name>表具直接通信：读取上报路径信息</Name>
            <Descript>100.表具直接通信：528.读取上报路径信息</Descript>
            <Paras>
                <Para>
                    <KeyName Format="\d{12}">SourceId</KeyName>
                </Para>
                <Para>
                    <KeyName Format="\d{12}">TargetId</KeyName>
                </Para>
                <Para>
                    <KeyName Format="(|\d{12}(,\d{12}){0,4})">RoutePath</KeyName>
                </Para>
            </Paras>
        </Task>
        <Task>
            <PrimaryKey>100,529</PrimaryKey>
            <MainCmd>100</MainCmd>
            <SubCmd>529</SubCmd>
            <Group>0</Group>
            <Name>表具直接通信：读取阀控历史信息</Name>
            <Descript>100.表具直接通信：529.读取阀控历史信息</Descript>
            <Paras>
                <Para>
                    <KeyName Format="\d{12}">SourceId</KeyName>
                </Para>
                <Para>
                    <KeyName Format="\d{12}">TargetId</KeyName>
                </Para>
                <Para>
                    <KeyName Format="(|\d{12}(,\d{12}){0,4})">RoutePath</KeyName>
                </Para>
            </Paras>
        </Task>
        <Task>
            <PrimaryKey>100,530</PrimaryKey>
            <MainCmd>100</MainCmd>
            <SubCmd>530</SubCmd>
            <Group>0</Group>
            <Name>表具直接通信：自定义测试命令</Name>
            <Descript>100.表具直接通信：530.自定义测试命令</Descript>
            <Paras>
                <Para>
                    <KeyName Format="\d{12}">SourceId</KeyName>
                </Para>
                <Para>
                    <KeyName Format="\d{12}">TargetId</KeyName>
                </Para>
                <Para>
                    <KeyName Format="(|\d{12}(,\d{12}){0,4})">RoutePath</KeyName>
                </Para>
                <Para>
                    <KeyName Format="[0-9A-Fa-f]{1,2}">CustomCmd</KeyName>
                </Para>
                <Para>
                    <KeyName Format="[0-9A-Fa-f]{0,}">CustomData</KeyName>
                </Para>
                <Para>
                    <KeyName Format="[0-9A-Fa-f]{1,2}">DeviceType</KeyName>
                </Para>
            </Paras>
        </Task>
        <Task>
            <PrimaryKey>100,531</PrimaryKey>
            <MainCmd>100</MainCmd>
            <SubCmd>531</SubCmd>
            <Group>0</Group>
            <Name>表具直接通信：读取表具工作计数器</Name>
            <Descript>100.表具直接通信：531.读取表具工作计数器</Descript>
            <Paras>
                <Para>
                    <KeyName Format="\d{12}">SourceId</KeyName>
                </Para>
                <Para>
                    <KeyName Format="\d{12}">TargetId</KeyName>
                </Para>
                <Para>
                    <KeyName Format="(|\d{12}(,\d{12}){0,4})">RoutePath</KeyName>
                </Para>
            </Paras>
        </Task>
        <Task>
            <PrimaryKey>100,532</PrimaryKey>
            <MainCmd>100</MainCmd>
            <SubCmd>532</SubCmd>
            <Group>0</Group>
            <Name>表具直接通信：清除反转计量数据</Name>
            <Descript>100.表具直接通信：532.清除反转计量数据</Descript>
            <Paras>
                <Para>
                    <KeyName Format="\d{12}">SourceId</KeyName>
                </Para>
                <Para>
                    <KeyName Format="\d{12}">TargetId</KeyName>
                </Para>
                <Para>
                    <KeyName Format="(|\d{12}(,\d{12}){0,4})">RoutePath</KeyName>
                </Para>
            </Paras>
        </Task>
        <Task>
            <PrimaryKey>100,533</PrimaryKey>
            <MainCmd>100</MainCmd>
            <SubCmd>533</SubCmd>
            <Group>0</Group>
            <Name>表具直接通信：设置主动上传参数</Name>
            <Descript>100.表具直接通信：533.设置主动上传参数</Descript>
            <Paras>
                <Para>
                    <KeyName Format="\d{12}">SourceId</KeyName>
                </Para>
                <Para>
                    <KeyName Format="\d{12}">TargetId</KeyName>
                </Para>
                <Para>
                    <KeyName Format="(|\d{12}(,\d{12}){0,4})">RoutePath</KeyName>
                </Para>
                <Para>
                    <KeyName Format="[0-2]{1}">Type</KeyName>
                </Para>
                <Para>
                    <KeyName Format="(|\d+)">TimeInterval</KeyName>
                </Para>
                <Para>
                    <KeyName Format="(|\d+)">NumInterval</KeyName>
                </Para>
            </Paras>
        </Task>
        <Task>
            <PrimaryKey>100,534</PrimaryKey>
            <MainCmd>100</MainCmd>
            <SubCmd>534</SubCmd>
            <Group>0</Group>
            <Name>表具直接通信：读取表具时钟</Name>
            <Descript>100.表具直接通信：534.读取表具时钟</Descript>
            <Paras>
                <Para>
                    <KeyName Format="\d{12}">SourceId</KeyName>
                </Para>
                <Para>
                    <KeyName Format="\d{12}">TargetId</KeyName>
                </Para>
                <Para>
                    <KeyName Format="(|\d{12}(,\d{12}){0,4})">RoutePath</KeyName>
                </Para>
            </Paras>
        </Task>
        <Task>
            <PrimaryKey>100,535</PrimaryKey>
            <MainCmd>100</MainCmd>
            <SubCmd>535</SubCmd>
            <Group>0</Group>
            <Name>表具直接通信：设置表具时钟</Name>
            <Descript>100.表具直接通信：535.设置表具时钟</Descript>
            <Paras>
                <Para>
                    <KeyName Format="\d{12}">SourceId</KeyName>
                </Para>
                <Para>
                    <KeyName Format="\d{12}">TargetId</KeyName>
                </Para>
                <Para>
                    <KeyName Format="(|\d{12}(,\d{12}){0,4})">RoutePath</KeyName>
                </Para>
                <Para>
                    <KeyName Format="\d{14}">Clock</KeyName>
                </Para>
            </Paras>
        </Task>
        <Task>
            <PrimaryKey>100,536</PrimaryKey>
            <MainCmd>100</MainCmd>
            <SubCmd>536</SubCmd>
            <Group>0</Group>
            <Name>表具直接通信：读取表具预缴数据</Name>
            <Descript>100.表具直接通信：536.读取表具预缴数据</Descript>
            <Paras>
                <Para>
                    <KeyName Format="\d{12}">SourceId</KeyName>
                </Para>
                <Para>
                    <KeyName Format="\d{12}">TargetId</KeyName>
                </Para>
                <Para>
                    <KeyName Format="(|\d{12}(,\d{12}){0,4})">RoutePath</KeyName>
                </Para>
            </Paras>
        </Task>
        <Task>
            <PrimaryKey>100,537</PrimaryKey>
            <MainCmd>100</MainCmd>
            <SubCmd>537</SubCmd>
            <Group>0</Group>
            <Name>表具直接通信：设置表具预缴数据</Name>
            <Descript>100.表具直接通信：537.设置表具预缴数据</Descript>
            <Paras>
                <Para>
                    <KeyName Format="\d{12}">SourceId</KeyName>
                </Para>
                <Para>
                    <KeyName Format="\d{12}">TargetId</KeyName>
                </Para>
                <Para>
                    <KeyName Format="(|\d{12}(,\d{12}){0,4})">RoutePath</KeyName>
                </Para>
                <Para>
                    <KeyName Format="\d+">SurplusValue</KeyName>
                </Para>
                <Para>
                    <KeyName Format="\d+">LastValue</KeyName>
                </Para>
            </Paras>
        </Task>
        <Task>
            <PrimaryKey>100,538</PrimaryKey>
            <MainCmd>100</MainCmd>
            <SubCmd>538</SubCmd>
            <Group>0</Group>
            <Name>表具直接通信：读取余量报警参数</Name>
            <Descript>100.表具直接通信：538.读取余量报警参数</Descript>
            <Paras>
                <Para>
                    <KeyName Format="\d{12}">SourceId</KeyName>
                </Para>
                <Para>
                    <KeyName Format="\d{12}">TargetId</KeyName>
                </Para>
                <Para>
                    <KeyName Format="(|\d{12}(,\d{12}){0,4})">RoutePath</KeyName>
                </Para>
            </Paras>
        </Task>
        <Task>
            <PrimaryKey>100,539</PrimaryKey>
            <MainCmd>100</MainCmd>
            <SubCmd>539</SubCmd>
            <Group>0</Group>
            <Name>表具直接通信：设置余量报警参数</Name>
            <Descript>100.表具直接通信：539.设置余量报警参数</Descript>
            <Paras>
                <Para>
                    <KeyName Format="\d{12}">SourceId</KeyName>
                </Para>
                <Para>
                    <KeyName Format="\d{12}">TargetId</KeyName>
                </Para>
                <Para>
                    <KeyName Format="(|\d{12}(,\d{12}){0,4})">RoutePath</KeyName>
                </Para>
                <Para>
                    <KeyName Format="[0-2]{1}">Type</KeyName>
                </Para>
                <Para>
                    <KeyName Format="(|\d+)">AlarmValue</KeyName>
                </Para>
                <Para>
                    <KeyName Format="(|(-[1-9]{1}\d{0,})|\d+)">CloseValue</KeyName>
                </Para>
            </Paras>
        </Task>
        <Task>
            <PrimaryKey>100,540</PrimaryKey>
            <MainCmd>100</MainCmd>
            <SubCmd>540</SubCmd>
            <Group>0</Group>
            <Name>表具直接通信：读取表具命令记录</Name>
            <Descript>100.表具直接通信：540.读取表具命令记录</Descript>
            <Paras>
                <Para>
                    <KeyName Format="\d{12}">SourceId</KeyName>
                </Para>
                <Para>
                    <KeyName Format="\d{12}">TargetId</KeyName>
                </Para>
                <Para>
                    <KeyName Format="(|\d{12}(,\d{12}){0,4})">RoutePath</KeyName>
                </Para>
                <Para>
                    <KeyName Format="[0-2]{1}">CommandType</KeyName>
                </Para>
            </Paras>
        </Task>
        <Task>
            <PrimaryKey>100,541</PrimaryKey>
            <MainCmd>100</MainCmd>
            <SubCmd>541</SubCmd>
            <Group>0</Group>
            <Name>表具直接通信：读取表具运行信息</Name>
            <Descript>100.表具直接通信：541.读取表具运行信息</Descript>
            <Paras>
                <Para>
                    <KeyName Format="\d{12}">SourceId</KeyName>
                </Para>
                <Para>
                    <KeyName Format="\d{12}">TargetId</KeyName>
                </Para>
                <Para>
                    <KeyName Format="(|\d{12}(,\d{12}){0,4})">RoutePath</KeyName>
                </Para>
                <Para>
                    <KeyName Format="[0-1]{1}">Type</KeyName>
                </Para>
                <Para>
                    <KeyName Format="[0-9a-fA-F]{1,8}">Offset</KeyName>
                </Para>
                <Para>
                    <KeyName Format="\d+">Length</KeyName>
                </Para>
            </Paras>
        </Task>
        <Task>
            <PrimaryKey>100,542</PrimaryKey>
            <MainCmd>100</MainCmd>
            <SubCmd>542</SubCmd>
            <Group>0</Group>
            <Name>表具直接通信：读取表具工作信道</Name>
            <Descript>100.表具直接通信：542.读取表具工作信道</Descript>
            <Paras>
                <Para>
                    <KeyName Format="\d{12}">SourceId</KeyName>
                </Para>
                <Para>
                    <KeyName Format="\d{12}">TargetId</KeyName>
                </Para>
                <Para>
                    <KeyName Format="(|\d{12}(,\d{12}){0,4})">RoutePath</KeyName>
                </Para>
            </Paras>
        </Task>
        <Task>
            <PrimaryKey>100,543</PrimaryKey>
            <MainCmd>100</MainCmd>
            <SubCmd>543</SubCmd>
            <Group>0</Group>
            <Name>表具直接通信：设置表具工作信道</Name>
            <Descript>100.表具直接通信：543.设置表具工作信道</Descript>
            <Paras>
                <Para>
                    <KeyName Format="\d{12}">SourceId</KeyName>
                </Para>
                <Para>
                    <KeyName Format="\d{12}">TargetId</KeyName>
                </Para>
                <Para>
                    <KeyName Format="(|\d{12}(,\d{12}){0,4})">RoutePath</KeyName>
                </Para>
                <Para>
                    <KeyName Format="[0-1]{1}">ChannelType</KeyName>
                </Para>
                <Para>
                    <KeyName Format="\d+">RxChannel</KeyName>
                </Para>
                <Para>
                    <KeyName Format="\d+">TxChannel</KeyName>
                </Para>
            </Paras>
        </Task>
        <Task>
          <PrimaryKey>100,544</PrimaryKey>
          <MainCmd>100</MainCmd>
          <SubCmd>544</SubCmd>
          <Group>0</Group>
          <Name>表具直接通信：LORAWAN模块进入BOOT模式 </Name>
          <Descript>100.表具直接通信：544.LORAWAN模块进入BOOT模式 </Descript>
          <Paras>
            <Para>
              <KeyName Format="\d{12}">SourceId</KeyName>
            </Para>
            <Para>
              <KeyName Format="\d{12}">TargetId</KeyName>
            </Para>
            <Para>
              <KeyName Format="(|\d{12}(,\d{12}){0,4})">RoutePath</KeyName>
            </Para>
          </Paras>
        </Task>
        <Task>
          <PrimaryKey>100,545</PrimaryKey>
          <MainCmd>100</MainCmd>
          <SubCmd>545</SubCmd>
          <Group>0</Group>
          <Name>表具直接通信：读取LORAWAN模块的EUI</Name>
          <Descript>100.表具直接通信：545.读取LORAWAN模块的EUI</Descript>
          <Paras>
            <Para>
              <KeyName Format="\d{12}">SourceId</KeyName>
            </Para>
            <Para>
              <KeyName Format="\d{12}">TargetId</KeyName>
            </Para>
            <Para>
              <KeyName Format="(|\d{12}(,\d{12}){0,4})">RoutePath</KeyName>
            </Para>
          </Paras>
        </Task>
        <Task>
          <PrimaryKey>100,546</PrimaryKey>
          <MainCmd>100</MainCmd>
          <SubCmd>546</SubCmd>
          <Group>0</Group>
          <Name>表具直接通信：清除LORAWAN的入网标志</Name>
          <Descript>100.表具直接通信：546.清除LORAWAN的入网标志</Descript>
          <Paras>
            <Para>
              <KeyName Format="\d{12}">SourceId</KeyName>
            </Para>
            <Para>
              <KeyName Format="\d{12}">TargetId</KeyName>
            </Para>
            <Para>
              <KeyName Format="(|\d{12}(,\d{12}){0,4})">RoutePath</KeyName>
            </Para>
          </Paras>
        </Task>
      <Task>
        <PrimaryKey>100,547</PrimaryKey>
        <MainCmd>100</MainCmd>
        <SubCmd>547</SubCmd>
        <Group>0</Group>
        <Name>表具直接通信：设置LORAWAN模块的EUI</Name>
        <Descript>100.表具直接通信：547.设置LORAWAN模块的EUI</Descript>
        <Paras>
          <Para>
            <KeyName Format="\d{12}">SourceId</KeyName>
          </Para>
          <Para>
            <KeyName Format="\d{12}">TargetId</KeyName>
          </Para>
          <Para>
            <KeyName Format="(|\d{12}(,\d{12}){0,4})">RoutePath</KeyName>
          </Para>
          <Para>
            <KeyName Format="[0-9A-Fa-f]{16}">DEVEUI</KeyName>  
          </Para>
          <Para>
            <KeyName Format="[0-9A-Fa-f]{16}">APPEUI</KeyName>
          </Para>
          <Para>
            <KeyName Format="[0-9A-Fa-f]{32}">APPKEY</KeyName>
          </Para>
        </Paras>
      </Task>
      <Task>
        <PrimaryKey>100,548</PrimaryKey>
        <MainCmd>100</MainCmd>
        <SubCmd>548</SubCmd>
        <Group>0</Group>
        <Name>表具直接通信：设置表具编号</Name>
        <Descript>100.表具直接通信：548.设置表具编号</Descript>
        <Paras>
          <Para>
            <KeyName Format="(\d{12}|\d{14}|\d{16})">SourceId</KeyName>
          </Para>
          <Para>
            <KeyName Format="(\d{12}|\d{14}|\d{16})">TargetId</KeyName>
          </Para>
        </Paras>
      </Task>
      <Task>
        <PrimaryKey>100,549</PrimaryKey>
        <MainCmd>100</MainCmd>
        <SubCmd>549</SubCmd>
        <Group>0</Group>
        <Name>表具直接通信：设置NB表端工作参数</Name>
        <Descript>100.表具直接通信：549.设置NB表端工作参数</Descript>
        <Paras>
          <Para>
            <KeyName Format="(\d{12}|\d{14}|\d{16})">SourceId</KeyName>
          </Para>
          <Para>
            <KeyName Format="(\d{12}|\d{14}|\d{16})">TargetId</KeyName>
          </Para>
          <Para>
            <KeyName Format="*">WorkParameters</KeyName>
          </Para>
        </Paras>
      </Task>
      <Task>
        <PrimaryKey>100,550</PrimaryKey>
        <MainCmd>100</MainCmd>
        <SubCmd>550</SubCmd>
        <Group>0</Group>
        <Name>表具直接通信：读取NB表端工作参数</Name>
        <Descript>100.表具直接通信：550.读取NB表端工作参数</Descript>
        <Paras>
          <Para>
            <KeyName Format="(\d{12}|\d{14}|\d{16})">SourceId</KeyName>
          </Para>
          <Para>
            <KeyName Format="((\d|[a-f]|[A-F]){12}|(\d|[a-f]|[A-F]){14}|(\d|[a-f]|[A-F]){16})">TargetId</KeyName>
          </Para>
        </Paras>
      </Task>
      <Task>
        <PrimaryKey>100,551</PrimaryKey>
        <MainCmd>100</MainCmd>
        <SubCmd>551</SubCmd>
        <Group>0</Group>
        <Name>表具直接通信：设置LORAWAN的MAC格式</Name>
        <Descript>100.表具直接通信：551.设置LORAWAN的MAC格式</Descript>
        <Paras>
          <Para>
            <KeyName Format="\d{12}">SourceId</KeyName>
          </Para>
          <Para>
            <KeyName Format="\d{12}">TargetId</KeyName>
          </Para>
          <Para>
            <KeyName Format="(|\d{12}(,\d{12}){0,4})">RoutePath</KeyName>
          </Para>
          <Para>
            <KeyName Format="[0-1]{1}">MacType</KeyName>
          </Para>
        </Paras>
      </Task>

        <Task>
            <PrimaryKey>100,596</PrimaryKey>
            <MainCmd>100</MainCmd>
            <SubCmd>596</SubCmd>
            <Group>0</Group>
            <Name>表具直接通信：表具进入升级状态</Name>
            <Descript>100.表具直接通信：596.表具进入升级状态</Descript>
            <Paras>
                <Para>
                    <KeyName Format="\d{12}">SourceId</KeyName>
                </Para>
                <Para>
                    <KeyName Format="[0-9a-fA-F]{12}">TargetId</KeyName>
                </Para>
                <Para>
                    <KeyName Format="*">UpdateInfo</KeyName>
                </Para>
            </Paras>
        </Task>
        <Task>
            <PrimaryKey>100,597</PrimaryKey>
            <MainCmd>100</MainCmd>
            <SubCmd>597</SubCmd>
            <Group>0</Group>
            <Name>表具直接通信：表具启动升级确认</Name>
            <Descript>100.表具直接通信：597.表具启动升级确认</Descript>
            <Paras>
                <Para>
                    <KeyName Format="\d{12}">SourceId</KeyName>
                </Para>
                <Para>
                    <KeyName Format="[0-9a-fA-F]{12}">TargetId</KeyName>
                </Para>
                <Para>
                    <KeyName Format="*">UpdateInfo</KeyName>
                </Para>
            </Paras>
        </Task>
        <Task>
            <PrimaryKey>100,598</PrimaryKey>
            <MainCmd>100</MainCmd>
            <SubCmd>598</SubCmd>
            <Group>0</Group>
            <Name>表具直接通信：表具升级数据发送</Name>
            <Descript>100.表具直接通信：598.表具升级数据发送</Descript>
            <Paras>
                <Para>
                    <KeyName Format="\d{12}">SourceId</KeyName>
                </Para>
                <Para>
                    <KeyName Format="[0-9a-fA-F]{12}">TargetId</KeyName>
                </Para>
                <Para>
                    <KeyName Format="\d+">PackageIndex</KeyName>
                </Para>
                <Para>
                    <KeyName Format="[a-fA-F0-9]{4}">VersionCrc</KeyName>
                </Para>
                <Para>
                    <KeyName Format="[a-fA-F0-9]{2,}">UpdateData</KeyName>
                </Para>
            </Paras>
        </Task>
        <Task>
            <PrimaryKey>100,599</PrimaryKey>
            <MainCmd>100</MainCmd>
            <SubCmd>599</SubCmd>
            <Group>0</Group>
            <Name>表具直接通信：表具升级丢包查询</Name>
            <Descript>100.表具直接通信：599.表具升级丢包查询</Descript>
            <Paras>
                <Para>
                    <KeyName Format="\d{12}">SourceId</KeyName>
                </Para>
                <Para>
                    <KeyName Format="[0-9a-fA-F]{12}">TargetId</KeyName>
                </Para>
                <Para>
                    <KeyName Format="\d+">TotalPackage</KeyName>
                </Para>
                <Para>
                    <KeyName Format="[a-fA-F0-9]{4}">VersionCrc</KeyName>
                </Para>
            </Paras>
        </Task>
        <Task>
            <PrimaryKey>100,600</PrimaryKey>
            <MainCmd>100</MainCmd>
            <SubCmd>600</SubCmd>
            <Group>0</Group>
            <Name>表具直接通信：表具升级完成查询</Name>
            <Descript>100.表具直接通信：600.表具升级完成查询</Descript>
            <Paras>
                <Para>
                    <KeyName Format="\d{12}">SourceId</KeyName>
                </Para>
                <Para>
                    <KeyName Format="[0-9a-fA-F]{12}">TargetId</KeyName>
                </Para>
                <Para>
                    <KeyName Format="\d+">TotalPackage</KeyName>
                </Para>
                <Para>
                    <KeyName Format="[a-fA-F0-9]{4}">VersionCrc</KeyName>
                </Para>
            </Paras>
        </Task>

    </Tasks>
</configuration>